{"98999dcb-1c0f-4d3d-b87b-cefb0a063638":[[29.54419904,-95.63377061],[29.54412698,-95.63360421],[29.54402144,-95.63365828],[29.54411345,-95.63385457],[29.54419146,-95.63380763],[29.54417986,-95.63378774]],"31c11482-b629-4456-9d65-16b1c7dfe0ad":[[29.54389716,-95.63413399],[29.54384167,-95.63401591],[29.54371289,-95.63409434],[29.54377781,-95.63421386]],"e1fbc83c-71bd-4b4b-a69f-ea159045f8e4":[[29.54367138,-95.63422605],[29.54361005,-95.63408435],[29.54351535,-95.63413845],[29.54355115,-95.63419115],[29.54351059,-95.63422188]],"9a86f032-f6cf-49cd-9cd0-2e175a173e64":[[29.54559097,-95.63291832],[29.54556794,-95.63287072],[29.54550208,-95.63291014],[29.54552515,-95.63295579]],"3686732b-fb2c-4b16-aa0d-2512ccf5ebf5":[[29.54632372,-95.6334505],[29.54626738,-95.63335502],[29.54615806,-95.63342662],[29.54624295,-95.63355026],[29.54628485,-95.63351021],[29.54627147,-95.6334942]],"53b3bccf-71a2-4fd6-bc9d-3e233611caca":[[29.54608886,-95.63347279],[29.54607223,-95.6334325],[29.5460389,-95.63345304],[29.54605562,-95.63348891]],"ddae348f-b5a0-48ce-82f7-09b4ee7cac2b":[[29.54595733,-95.63327007],[29.54593123,-95.63321919],[29.5458946,-95.63324334],[29.5459207,-95.63329421]],"07c418cc-861f-4b67-941b-38f21bc67376":[[29.54459038,-95.63370005],[29.54454788,-95.63361597],[29.54442114,-95.63369806],[29.54443313,-95.63372963],[29.54445216,-95.63372412],[29.54447223,-95.63377273]],"c2a112ef-74cc-458d-a07a-b1924b044160":[[29.54428555,-95.63390397],[29.54426739,-95.63386393],[29.54423318,-95.63388565],[29.54425957,-95.63392591]]}