{"45abfd4b-de11-41d5-a412-d674a284a652":[[29.78716356,-95.67042562],[29.78742363,-95.67043431],[29.78743112,-95.67006381],[29.78717678,-95.66977094]],"8786ada7-6a8e-4f63-b11e-cec9995c0c57":[[29.78780736,-95.6700183],[29.78780201,-95.66997118],[29.78770626,-95.66997828],[29.78771161,-95.67002539]],"bc0914ff-6778-4c0c-9501-581ea3352fa0":[[29.78763441,-95.66984267],[29.78763128,-95.66984139],[29.78762881,-95.6698076],[29.78757301,-95.66981334],[29.78756017,-95.66982505],[29.78757343,-95.66984467]],"90113f2e-a3e1-4852-b2d7-5631477a7ffd":[[29.78719598,-95.66882019],[29.78725664,-95.66881799],[29.78743548,-95.66859433],[29.78743781,-95.66823741],[29.78720832,-95.6682091]],"1c65ad17-7b8b-4868-bb19-ce1ed43b2a0e":[[29.78801884,-95.66971624],[29.78802059,-95.66971433],[29.78802289,-95.6696006],[29.78789282,-95.66960107],[29.78789235,-95.66970896]],"c54b42a0-2a9f-481e-ad89-8639e75ed8d5":[[29.78913579,-95.66906397],[29.78912293,-95.66873446],[29.78778504,-95.6687277],[29.78779646,-95.66899006],[29.78784344,-95.66901048],[29.7878507,-95.669065]],"af1f615a-889f-454c-96f8-abb56738b2b9":[[29.78819854,-95.66872374],[29.78820375,-95.66871995],[29.78820354,-95.66864539],[29.78803763,-95.66864099],[29.78803088,-95.66872125]],"a72fa617-bbf8-4559-83d6-dfb09b7c5093":[[29.7881971,-95.6686256],[29.78819885,-95.66862369],[29.78820175,-95.66856491],[29.78801869,-95.66856201],[29.78801918,-95.66862284]],"715cd0cf-0c5c-4aa0-905e-f7a42f258df4":[[29.78943209,-95.66566307],[29.7894409,-95.66589219],[29.78988536,-95.66591582],[29.78988344,-95.66567504]],"ad505428-9043-4447-83d5-10a6adf1b49e":[[29.79039564,-95.66665225],[29.79039377,-95.66632063],[29.79035002,-95.66628415],[29.79027452,-95.66629392],[29.79024891,-95.66637564],[29.79021132,-95.66637268],[29.79020889,-95.66666299]],"3564f841-e951-4fe6-89f1-cd23ca77dda3":[[29.78996413,-95.66719981],[29.78996934,-95.66719603],[29.78996947,-95.66685073],[29.78991307,-95.66684727],[29.78991632,-95.66719462]],"37123d52-f490-42ef-9663-fc4cc75d9c0a":[[29.78990849,-95.66763616],[29.78993804,-95.66763576],[29.7899412,-95.66725721],[29.78986142,-95.66725189],[29.78986069,-95.66674588],[29.78945173,-95.66674579],[29.78944638,-95.66687785],[29.78942422,-95.66684652],[29.78933354,-95.66695479],[29.7893441,-95.66696276],[29.78934646,-95.66711193],[29.78931937,-95.66712505],[29.78931245,-95.66733547],[29.78934685,-95.6673579],[29.78934692,-95.66742093],[29.7894527,-95.66742835],[29.78945513,-95.66770665],[29.78984908,-95.66769866],[29.78991479,-95.66769644]],"4adac099-d83b-4ff4-99ff-c50d0578ea51":[[29.79007836,-95.66833398],[29.79006785,-95.6677912],[29.78985324,-95.66779146],[29.78956053,-95.66779051],[29.78953576,-95.66833919],[29.78957486,-95.668352],[29.78968118,-95.66834109],[29.78970545,-95.66832604]],"034f4e8f-b05f-40b8-bf87-e2ce94f72705":[[29.79026512,-95.66868668],[29.79026731,-95.66868674],[29.79027415,-95.66856422],[29.78975222,-95.66856038],[29.78976041,-95.66869581]],"e7f677b8-b17e-42d7-9620-12009a4b20e3":[[29.79024099,-95.6684757],[29.79024769,-95.66846837],[29.79025007,-95.66835074],[29.79010366,-95.66835437],[29.79009884,-95.66837678],[29.79004863,-95.66837544],[29.79005254,-95.66839808],[29.78969641,-95.66840365],[29.78969277,-95.66847617]],"cf16ae52-0f4c-4a7d-a5cf-a30cfcf3db5d":[[29.79018465,-95.66921617],[29.79032156,-95.66921588],[29.79032513,-95.6690394],[29.79017966,-95.66903946],[29.79018123,-95.66921607]],"68a83f47-3e18-411b-bd83-efa8fc8f0183":[[29.79009099,-95.66998379],[29.79009369,-95.66993481],[29.79001159,-95.66993263],[29.79001406,-95.66997978],[29.79008359,-95.66998452]],"78df55a6-253e-4cde-b557-baee52d7b649":[[29.79024078,-95.66993872],[29.79024603,-95.66993297],[29.790251,-95.66985659],[29.79016882,-95.66985833],[29.79016724,-95.66993676]],"21ec745e-0a69-462e-951f-b1bfba4f63bb":[[29.79011687,-95.66980397],[29.79011439,-95.66967246],[29.79002219,-95.66966216],[29.79002626,-95.66979961]],"d92f88e5-814b-4fb1-b171-a0016c9997ec":[[29.78724664,-95.66631144],[29.78737014,-95.66631849],[29.7873692,-95.66560837],[29.78726089,-95.6656055]],"91ab0204-e552-42fb-8507-11e58bf90da9":[[29.7887179,-95.6661284],[29.78870422,-95.66597783],[29.78874704,-95.66592784],[29.78874825,-95.66572973],[29.7880264,-95.66572337],[29.78803428,-95.6661614],[29.78871745,-95.66615076]],"81293d34-c79a-4eb2-8382-d0bc7587ab43":[[29.78862173,-95.667619],[29.78861596,-95.66722646],[29.78854409,-95.66722652],[29.78854553,-95.66698524],[29.78808353,-95.66698279],[29.78807842,-95.66723575],[29.78802182,-95.66724209],[29.78801349,-95.66748515],[29.78792618,-95.66748675],[29.78793713,-95.66762242],[29.78803283,-95.66762888],[29.78805186,-95.66770394],[29.7884573,-95.66771077],[29.78845009,-95.66764388],[29.78862646,-95.66763875]],"fedd2112-2203-4800-92b2-7a92850bfc6a":[[29.78856621,-95.66788974],[29.78856524,-95.66808786],[29.78862355,-95.66808887],[29.78862896,-95.66789418]],"ba071414-a660-4c9f-beef-68b19bddb11a":[[29.78868113,-95.66790496],[29.78863084,-95.66790307],[29.78862566,-95.66808893],[29.7886294,-95.66808898],[29.78863087,-95.66811625],[29.78867793,-95.66811345],[29.78867947,-95.66811233]],"a3f58761-8dcb-48d9-ac7c-5278c3650c1f":[[29.78860718,-95.66817154],[29.78860596,-95.66820997],[29.78866919,-95.66821271],[29.78867015,-95.66821167],[29.78867194,-95.66817326]],"294b1be1-e278-4c5f-a212-664ae6a2707d":[[29.78860856,-95.66812716],[29.78860723,-95.66816913],[29.78867203,-95.66817085],[29.78867399,-95.6681289]],"88ddf16d-7972-43b4-a174-02f9f5148deb":[[29.78856504,-95.66831037],[29.78856229,-95.66820149],[29.78836757,-95.66819972],[29.78836839,-95.66830628]],"16cdf42c-2ff6-4d0b-a6c4-87bd0865c67c":[[29.78863368,-95.66860578],[29.78863441,-95.66841011],[29.78857489,-95.66840668],[29.78857252,-95.66860416]],"3b6eb204-20f8-41b1-9ba0-25edb15b30e1":[[29.78806636,-95.66830089],[29.78806939,-95.66833858],[29.78794381,-95.66830921],[29.78792595,-95.66838106],[29.78806003,-95.6684132],[29.78807198,-95.66836147],[29.78827571,-95.66836773],[29.78827573,-95.6683672],[29.788282,-95.66830661]],"e24bc826-47e4-4cfa-bb0e-28896f9ce0b1":[[29.78807359,-95.66836393],[29.78806162,-95.66841561],[29.78806298,-95.66845066],[29.78827146,-95.66845745],[29.78827558,-95.66837014]],"0ae43ad1-616b-46ce-a533-2a722ee64ba8":[[29.78817597,-95.66845675],[29.78806305,-95.66845308],[29.78806321,-95.66845703],[29.7880089,-95.66845993],[29.78800371,-95.66852922],[29.7881766,-95.6685297]],"c851dc41-7064-43cd-8ac9-66d91645eb14":[[29.78827478,-95.66846],[29.78817807,-95.66845685],[29.78817871,-95.6685297],[29.78830777,-95.66853006],[29.78831159,-95.66852871],[29.78831542,-95.66846372]],"b3999f51-91d2-446c-9de7-c0bdb935d789":[[29.78834375,-95.6682624],[29.7883433,-95.6682464],[29.78834427,-95.66819847],[29.78819476,-95.66819895],[29.78819509,-95.66825934]],"54b65bcc-7f23-493c-90aa-a1c0352ed7d7":[[29.78836821,-95.66839359],[29.78837184,-95.66832886],[29.78829064,-95.66832226],[29.78828917,-95.66839504],[29.78835102,-95.66840112],[29.78835102,-95.66840204],[29.78838105,-95.66839393]],"05efa87f-1c9a-442f-a004-a836e026fab9":[[29.78839936,-95.6684619],[29.78839995,-95.66839443],[29.78838522,-95.66839404],[29.78838548,-95.66839521],[29.78835105,-95.6684045],[29.78835201,-95.66846686],[29.78840003,-95.66846725]],"1a29a026-337f-49dc-a32c-4dbde871c1cf":[[29.78845419,-95.66844326],[29.78854375,-95.66839624],[29.78852452,-95.66835677],[29.78842465,-95.66840352],[29.78843854,-95.66843659],[29.78845542,-95.6684426]],"a803564e-b6ea-405c-9979-23100c1d9029":[[29.7884637,-95.66813004],[29.78846441,-95.66809492],[29.7884032,-95.66809103],[29.78840049,-95.66812723]],"1c451efc-b6ba-495b-a37e-ad7de39a589a":[[29.78855008,-95.66816067],[29.78855074,-95.66812781],[29.78848064,-95.66812369],[29.78848011,-95.66814974]],"73a11493-a266-4b92-9415-ffc54fec4d93":[[29.78852537,-95.66811554],[29.78852817,-95.66809164],[29.7884933,-95.66809249],[29.78849134,-95.66811286]],