{"b96c267d-25f3-4ae7-82c9-b512ae2728ef":[[29.52984006,-95.63659459],[29.52965317,-95.63666049],[29.52971868,-95.63683301],[29.52974636,-95.63682646],[29.52977339,-95.63690403],[29.52987868,-95.63684807],[29.52989523,-95.63681536]],"4c29828d-fec2-4c40-b0eb-a2df6b1f6344":[[29.53068237,-95.63867588],[29.53060799,-95.63871363],[29.53064681,-95.63882409],[29.53070175,-95.63878963],[29.53070417,-95.63877205],[29.53071071,-95.63876753]],"56f697bf-8ea4-4b59-ad61-00ff53dd4b32":[[29.53107181,-95.63966797],[29.53103655,-95.63954558],[29.53094677,-95.63958047],[29.53099546,-95.63971692],[29.5310701,-95.63966792]],"9623b1b7-3b28-4ebf-ac68-18295e40b806":[[29.53124265,-95.64009555],[29.53119605,-95.6399935],[29.53112768,-95.64003319],[29.53117007,-95.64013984],[29.531241,-95.6400955]],"c7516b88-42fd-4dd0-bca4-d616eab5b4b4":[[29.53028613,-95.63741152],[29.53028924,-95.63741401],[29.53025544,-95.63733066],[29.53016274,-95.63738064],[29.53018939,-95.63746314]],"bb7ce2dc-5a3b-4e94-b2ac-e0deba966a85":[[29.52842401,-95.63900136],[29.52857779,-95.63892276],[29.52856111,-95.63881969],[29.52852106,-95.63875589],[29.52842815,-95.63879306]]}