{"f6b93530-1efc-48f7-93ad-8c7da4273740":[[29.53125061,-95.65037389],[29.53124941,-95.65022352],[29.53122413,-95.65017234],[29.53105841,-95.65025462],[29.53113158,-95.65043573]],"56e4735b-3ea3-42f5-b3b8-b207fcd2d9f1":[[29.53124486,-95.64929129],[29.53118658,-95.64915507],[29.53105383,-95.64921896],[29.5311205,-95.6493566]],"62d2eb45-cc4a-47af-a020-c1a29d88cb27":[[29.53125034,-95.64877337],[29.53113425,-95.64882536],[29.5312504,-95.64910183]],"caf31d92-0953-4afc-8334-07256dba35b9":[[29.53075638,-95.649572],[29.53070306,-95.64945034],[29.53064338,-95.64948967],[29.53062909,-95.64946765],[29.53049152,-95.64950976],[29.53059448,-95.64972653],[29.53068396,-95.64966993],[29.53068035,-95.64963977]],"56ca97da-518f-44c3-94fb-d71c80bb5efd":[[29.53069607,-95.64944867],[29.53066735,-95.64938781],[29.53061844,-95.64941186],[29.5306492,-95.64948029]],"266d8b49-09cd-4c8d-bd2c-409a86280feb":[[29.53023042,-95.64993704],[29.53018488,-95.64982371],[29.5301349,-95.64985068],[29.53012061,-95.64982298],[29.53004094,-95.64985105],[29.53005331,-95.6498919],[29.53003502,-95.6498999],[29.53003571,-95.64990651],[29.52999398,-95.64993275],[29.53003647,-95.65003375],[29.53011379,-95.64999996],[29.53012466,-95.65003323],[29.53019196,-95.65000577],[29.53016974,-95.64996278]],"b167edb0-83d8-48e1-9cad-2c9879ea0208":[[29.5305547,-95.65052485],[29.53048682,-95.65055315],[29.53043003,-95.65042585],[29.53032856,-95.65047204],[29.530399,-95.65068436],[29.53057957,-95.65059646]],"63daf152-7503-45d7-9a73-a4b61d31ee6b":[[29.5305553,-95.65037435],[29.53051408,-95.65027446],[29.53050533,-95.65027604],[29.53049471,-95.65025174],[29.53047912,-95.65025859],[29.53047312,-95.65024121],[29.53043063,-95.65026503],[29.53043326,-95.65027235],[29.53045411,-95.6502602],[29.53046095,-95.65027489],[29.53044852,-95.65028227],[29.53045492,-95.65029921],[29.53039363,-95.65033115],[29.53043493,-95.65042696],[29.53049854,-95.6503978],[29.53050284,-95.65040063]],"38233842-43ec-4f27-9de7-5e15492a3f10":[[29.52936269,-95.65089718],[29.52934102,-95.65082688],[29.52928127,-95.65084794],[29.52930206,-95.65092104]],"85228863-81c7-4364-ae87-3df584f819d0":[[29.52971352,-95.6509945],[29.52969409,-95.65093243],[29.52959474,-95.65097521],[29.52959665,-95.65099145]],"7bcb8a71-1fba-4caa-a837-a3886a714f20":[[29.5296544,-95.64866795],[29.52962093,-95.64860574],[29.5295763,-95.64864986],[29.52960327,-95.6487003]],"49229c9f-5a0a-47ab-8ae1-c35e309400ba":[[29.53033364,-95.64969396],[29.53028788,-95.64956197],[29.53015164,-95.64959526],[29.53014047,-95.64961646],[29.53012035,-95.64961593],[29.53008888,-95.64964581],[29.53011376,-95.64967716],[29.53014019,-95.6496978],[29.53016329,-95.64968198],[29.53018671,-95.64970615],[29.53024137,-95.64969249],[29.53026351,-95.64973925],[29.53028435,-95.64972754]],"15293f97-1189-44ce-b27a-0b3dcd6818c2":[[29.53039442,-95.6496722],[29.53028238,-95.64973259],[29.53030113,-95.6497583],[29.53032314,-95.64974502],[29.53035675,-95.64981942],[29.53043509,-95.64977642]],"c055c677-35c4-4fc8-ac13-aa8635015234":[[29.53049865,-95.64974012],[29.53031926,-95.64984598],[29.53023035,-95.6499027],[29.53026833,-95.65000232],[29.53055204,-95.64985818]],"04e09bb7-be36-4166-a202-d599a9591b70":[[29.52895674,-95.65011858],[29.52886194,-95.65014745],[29.52888411,-95.65023815],[29.52873194,-95.65030862],[29.52878057,-95.65044703],[29.52894481,-95.65037295],[29.52892365,-95.65031754],[29.52901511,-95.65028466]],"f66b58d9-e013-42f7-86fa-3b0a4c377915":[[29.52861582,-95.65084475],[29.52856998,-95.65073104],[29.5284002,-95.65080162],[29.52845488,-95.65091056]],"62acf959-b249-47d4-a68b-44fc2cf06ece":[[29.52828262,-95.65066905],[29.52827546,-95.65060632],[29.52821642,-95.6506132],[29.52822449,-95.65068317]],"431b5c56-e51f-4cce-bafe-21e3dbad7a2e":[[29.52853666,-95.65011402],[29.52842962,-95.65017177],[29.52846807,-95.65028244],[29.52857678,-95.65021568]],"f4d7349e-1ee9-4cf4-8e49-7b0182ff9800":[[29.52957219,-95.64866126],[29.52954718,-95.64859276],[29.52951564,-95.64860419],[29.52954394,-95.64867277]],"674e3e44-f8b2-4257-823f-5143b23eac74":[[29.529226,-95.64816668],[29.52925557,-95.64823192],[29.52937219,-95.64817356],[29.52934115,-95.64811442]],"11955490-ae37-46b0-aa2c-606e0b7d5b06":[[29.5294562,-95.6481343],[29.52938569,-95.6481693],[29.5294074,-95.64822513],[29.52947534,-95.64818392]],"98b132df-5631-44f4-8f6d-02b88846aa05":[[29.52988313,-95.65050463],[29.52985962,-95.65043574],[29.52985017,-95.65041084],[29.52983721,-95.65039533],[29.52981069,-95.65039464],[29.52977893,-95.65040709],[29.52977998,-95.65043746],[29.5297845,-95.65046033],[29.52975417,-95.65048419],[29.52977606,-95.65055114]],"114897cf-649c-43c1-adb8-ba7d071b02b4":[[29.52944027,-95.64959228],[29.52945115,-95.64962859],[29.52945078,-95.64964755],[29.52947052,-95.64965565],[29.52949745,-95.64963549],[29.52950122,-95.64961283],[29.52950006,-95.64958815],[29.52946544,-95.64957776]],"5ec465a5-0573-4a32-bcff-79c3935c3fbc":[[29.52927072,-95.64805946],[29.52935971,-95.64800489],[29.52934053,-95.64796835],[29.52924476,-95.64803034]],"7ccbb046-1311-45d1-a50a-0683a7f208a5":[[29.52938597,-95.64801884],[29.52935236,-95.64804073],[29.52939221,-95.64812141],[29.52942405,-95.64810518]]}