{"083f5aed-d5ff-42e2-bf93-4d1d18f469c9":[[29.71892189,-95.54077639],[29.71894492,-95.54077312],[29.71896016,-95.54060161],[29.71924766,-95.54063472],[29.71935598,-95.53928055],[29.71912679,-95.53925348],[29.71904658,-95.54031933],[29.71893091,-95.54030615]],"fa8b4d89-4b84-46d5-ab06-adfbb90bbebe":[[29.72079087,-95.53952823],[29.72072704,-95.54040895],[29.7222583,-95.54059301],[29.72216082,-95.54035021],[29.72186081,-95.5403047],[29.72185032,-95.54027597],[29.72140144,-95.54022038],[29.72139365,-95.54019489],[29.72095022,-95.5401426],[29.72095101,-95.54010151],[29.72099361,-95.54003933],[29.72102815,-95.5395342]],"3d5a1813-d1d8-4a75-b3a0-d1ee4d1a99b1":[[29.72158067,-95.53965565],[29.72194144,-95.53969952],[29.72191303,-95.53959761],[29.72189648,-95.53959719],[29.72185973,-95.53949823],[29.72187358,-95.53949541],[29.72183702,-95.53938697],[29.72160244,-95.53938422]],"2be5b8b5-6d40-4d6b-8d92-3d7d4a3cb2da":[[29.72141764,-95.53880083],[29.72160802,-95.53880562],[29.72160611,-95.53847351],[29.72142401,-95.53846893]],"6bc894ae-2634-4893-924c-2f4be4b1e61c":[[29.72068204,-95.54078047],[29.72069777,-95.54079151],[29.72107923,-95.54084068],[29.72109628,-95.54071333],[29.720696,-95.54067586]],"b9b99ae7-6e8d-4131-8d12-9dab06117d6a":[[29.72064206,-95.5411339],[29.72066725,-95.54113606],[29.72066106,-95.54118154],[29.7208241,-95.54119629],[29.72082368,-95.54114913],[29.72083692,-95.54115098],[29.72084839,-95.54096873],[29.72083653,-95.54096386],[29.72083865,-95.54092284],[29.72070354,-95.54090575],[29.7206988,-95.54094518],[29.72066167,-95.54094272]],"7f8b2b9f-13fc-409c-b39a-f3a4115913d9":[[29.72089215,-95.54107873],[29.72088433,-95.54116077],[29.72090085,-95.54116715],[29.72089899,-95.54121001],[29.72106301,-95.54122845],[29.72108619,-95.54099661],[29.72107683,-95.54099637],[29.72108071,-95.54095714],[29.72095319,-95.54093366],[29.72094708,-95.54098118],[29.72090246,-95.54097529]],"ff0b6ff9-31ab-4fa1-b422-ff483993dd82":[[29.7212265,-95.54121281],[29.72155252,-95.54125509],[29.7215687,-95.54117087],[29.72156605,-95.54109214],[29.72126688,-95.54103549],[29.72124553,-95.54103836]],"10b8576f-67a7-46d7-95f8-4c69bb88b055":[[29.72170392,-95.54134588],[29.72173473,-95.54098613],[29.72168046,-95.54097715],[29.72165092,-95.54133998]],"2c3edf66-4afb-4287-9e80-bc8c77e94e1a":[[29.72171343,-95.54130742],[29.72185777,-95.54132178],[29.72187999,-95.54103151],[29.72174395,-95.54101855]],"da9a68da-409f-445f-891a-c7d470078d6f":[[29.72187952,-95.5413271],[29.72201345,-95.5413412],[29.72201287,-95.54137146],[29.72207006,-95.5413729],[29.72209427,-95.54103334],[29.72203297,-95.54102941],[29.72202649,-95.54109599],[29.72190082,-95.54108448]],"9b06e004-8fe8-4d6b-9082-d72bf81343b6":[[29.72218757,-95.54137586],[29.7221899,-95.54124451],[29.72214048,-95.5412276],[29.72212622,-95.54137432]],"300f8816-4b63-4936-9076-5cb496be2327":[[29.72223652,-95.5413771],[29.72229757,-95.54137864],[29.72236116,-95.5413297],[29.72230003,-95.54115414],[29.72224949,-95.54102295],[29.72214569,-95.54106443],[29.72214598,-95.54110377],[29.72222952,-95.54135857]],"968e2a4f-d11e-4823-8bb7-778019c19377":[[29.72227298,-95.5408829],[29.72240244,-95.5412926],[29.72245795,-95.54127374],[29.72248643,-95.54136147],[29.72262925,-95.54129236],[29.7224409,-95.5406988],[29.72231599,-95.54075644],[29.72233735,-95.54083565]],"9c6e506a-c40b-46f1-ac29-40f72acaf02d":[[29.72322308,-95.54121699],[29.72321172,-95.54111991],[29.72320223,-95.54104702],[29.72310485,-95.54067118],[29.72298205,-95.54070459],[29.72312165,-95.54124815],[29.72317896,-95.54123742],[29.72322307,-95.54121726]],"a6ed6fe5-3462-4ffb-a1f3-c81381e72953":[[29.72323437,-95.54062881],[29.72316395,-95.54063616],[29.72316234,-95.54071978],[29.72323253,-95.54072459]],"5bc22317-8fc2-451b-bd7f-6c74cf60e16a":[[29.72324569,-95.54003885],[29.72309715,-95.5400351],[29.72297337,-95.54018867],[29.72296584,-95.5403041],[29.72300689,-95.54030969],[29.72324035,-95.5403171]],"e9b52e6a-59d4-4f5c-9cb0-59dcc2d44c23":[[29.72325558,-95.53952331],[29.72323064,-95.53945284],[29.72324089,-95.53940289],[29.72318332,-95.5394273],[29.72316689,-95.5393843],[29.72309576,-95.53942358],[29.7230921,-95.53940675],[29.72292603,-95.53941169],[29.72290309,-95.53943089],[29.72298374,-95.53965655],[29.72300471,-95.53967077],[29.7231536,-95.53959237],[29.72316045,-95.53965035],[29.72325406,-95.53960253]],"d6529838-3234-451e-be05-b1d231121e78":[[29.72327291,-95.53862026],[29.72283075,-95.53862001],[29.72282576,-95.53882197],[29.72326903,-95.53882249]],"6a38284d-c18e-4567-b62f-c3c691bf4065":[[29.72327677,-95.53841955],[29.72315227,-95.53841642],[29.7231462,-95.53859425],[29.72327326,-95.53860201]],"dccf5279-f9a7-4654-be52-e9189866d152":[[29.72328117,-95.53818996],[29.7228726,-95.53818271],[29.72287242,-95.53819183],[29.72285249,-95.53819285],[29.72285036,-95.53816542],[29.72278385,-95.53817135],[29.72278606,-95.53840263],[29.72284312,-95.53840407],[29.72284417,-95.53834933],[29.72287729,-95.53835321],[29.72287562,-95.53837142],[29.72314913,-95.53837222],[29.72314668,-95.53836151],[29.72321437,-95.53836322],[29.7232141,-95.5383769],[29.72327755,-95.5383785]],"96c6e4b5-664b-4cac-bf00-c98d94da3221":[[29.7230648,-95.53847049],[29.72306362,-95.53840109],[29.7228545,-95.53839812],[29.72285312,-95.53846975]],"85f8a605-d610-4852-a7e8-12ff6a2e382d":[[29.72329122,-95.5376662],[29.72315129,-95.5376656],[29.72315147,-95.53772268],[29.72313295,-95.53772222],[29.72313178,-95.53785024],[29.72314901,-95.53785068],[29.72314859,-95.53797287],[29.72313451,-95.53797398],[29.7231347,-95.53809765],[29.72315447,-95.53809888],[29.72315436,-95.53817132],[29.72328151,-95.53817232]],"8c29e3d0-18c4-4363-ae92-27590646ddc7":[[29.72329559,-95.53743885],[29.72321654,-95.53743629],[29.72321562,-95.53745805],[29.72309955,-95.53745628],[29.72310436,-95.53762324],[29.7232139,-95.537626],[29.72321218,-95.53763742],[29.72329171,-95.53764114]],"ffc7c825-2e82-458e-b284-63f4bf4b1b3d":[[29.72330019,-95.53719897],[29.72307915,-95.53719154],[29.72307729,-95.53737361],[29.72329668,-95.53738193]],"06a05d22-641c-4908-acb7-0c37bbc341b0":[[29.72260234,-95.53945764],[29.72270227,-95.53973006],[29.72260523,-95.53977431],[29.72267177,-95.53995996],[29.72269926,-95.53997186],[29.72272392,-95.53996128],[29.72277388,-95.5401185],[29.7227982,-95.54012565],[29.72294975,-95.54004448],[29.72289692,-95.53990867],[29.72286023,-95.53986665],[29.72282993,-95.53978931],[29.72285048,-95.53978048],[29.72271486,-95.53941378]],"66e437f4-4fb4-4dd3-8cb3-655ffce5c78d":[[29.72289253,-95.5381638],[29.7230694,-95.53816349],[29.72306997,-95.5381337],[29.72308453,-95.53813407],[29.72309804,-95.53808077],[29.72308569,-95.53801967],[29.72307325,-95.53801697],[29.72307347,-95.53795142],[29.72308907,-95.53795182],[29.72310345,-95.53790689],[29.72308898,-95.53784812],[29.72307026,-95.53784764],[29.72307334,-95.53779528],[29.72308374,-95.53779554],[29.72310254,-95.53773761],[29.72309317,-95.53768373],[29.72308076,-95.53767985],[29.72308294,-95.5376203],[29.72309139,-95.53761643],[29.72310344,-95.53756226],[29.72309296,-95.53750868],[29.7230775,-95.537506],[29.72307869,-95.53746991],[29.72291465,-95.53746463],[29.7229073,-95.53749772],[29.72288481,-95.53749601],[29.72288064,-95.53760885],[29.7228996,-95.53761219],[29.7228986,-95.53766434],[29.72288159,-95.53766391],[29.72287921,-95.53778769],[29.72289772,-95.53778816],[29.72289682,-95.53783515],[29.72288335,-95.53783309],[29.72288196,-95.53795747],[29.72289844,-95.53795961],[29.72289598,-95.53800942],[29.72287496,-95.53800947],[29.72287424,-95.53812527],[29.72289276,-95.53812516]],"3f189a98-144f-4db7-a177-543383c393dd":[[29.72290057,-95.53711635],[29.72289042,-95.5374212],[29.72291332,-95.53742616],[29.72306139,-95.53743277],[29.7230635,-95.53738431],[29.72306977,-95.53738446],[29.7230709,-95.53732564],[29.72306305,-95.5373259],[29.72306534,-95.537268],[29.72307278,-95.53726864],[29.7230734,-95.53721565],[29.72306479,-95.53721453],[29.72306827,-95.53713556],[29.72307492,-95.53713617],[29.72307555,-95.53711634]],