{"d62b653c-d0f8-4569-b915-e1e2f9681dd9":[[29.53423978,-95.58449216],[29.53426007,-95.5844447],[29.53419805,-95.58441434],[29.53418773,-95.58441408],[29.53416757,-95.5844549]],"70f9332d-a965-4cdf-8d90-d0c155d24404":[[29.53371916,-95.58264672],[29.53373039,-95.58262092],[29.53375567,-95.58263231],[29.53379227,-95.58254424],[29.53375644,-95.58252338],[29.53377504,-95.58246401],[29.53370605,-95.5824239],[29.5336433,-95.58261411]],"c61305ea-4285-45ac-b795-b9b07b81b564":[[29.53386478,-95.5825681],[29.53389526,-95.5824827],[29.53382724,-95.58244396],[29.53381882,-95.58246052],[29.53382725,-95.58249543],[29.53380135,-95.58250055],[29.53379615,-95.58253396]],"7827b250-a068-46f0-b411-e69fb6084d7f":[[29.53474355,-95.58257187],[29.53475541,-95.58251386],[29.53468322,-95.58249975],[29.53467294,-95.58254552]],"d538f5cf-cd48-4a56-9ca9-17ad5ea7351c":[[29.53499367,-95.58261352],[29.53500541,-95.58256165],[29.53493594,-95.58254607],[29.53492577,-95.58258571]],"ae6a395c-d378-4093-9fe5-d850083c3e47":[[29.53586867,-95.58276136],[29.53588267,-95.58271932],[29.53584161,-95.58271263],[29.53583393,-95.58272656],[29.53583338,-95.58275481]],"af6e6e7b-2b71-4d65-8364-e26dd4fae4b6":[[29.53587559,-95.58253262],[29.53589098,-95.58246142],[29.53589338,-95.58238046],[29.53576455,-95.58235458],[29.53572082,-95.58235818],[29.53567412,-95.58234475],[29.53564398,-95.58249659]],"03c15f7b-8abd-48ac-9cf2-d776f0bfad56":[[29.53673133,-95.58213496],[29.53674322,-95.58208527],[29.53666268,-95.58206822],[29.53666186,-95.5821107]],"b2ef10e0-a2ce-48f6-9d57-caa6de6c6122":[[29.53726435,-95.58223566],[29.53727915,-95.58217713],[29.5371994,-95.58216909],[29.5371945,-95.58220503],[29.53720482,-95.58221491]],"e799a5e5-756c-4cd0-92de-6bc73400ce66":[[29.53779366,-95.58233784],[29.53780784,-95.58228321],[29.53774055,-95.582259],[29.53772036,-95.58228598],[29.5377307,-95.58231624]],"0f52b082-06ff-4fb3-a663-36b1ff9d6fcc":[[29.53759054,-95.58473977],[29.53763676,-95.58461097],[29.53759763,-95.58459998],[29.53755408,-95.58470385]],"6269aa86-c319-4e46-84f5-d9f86518c32b":[[29.53692456,-95.58171319],[29.53688961,-95.58164531],[29.53685014,-95.58166664],[29.53688496,-95.5817409]],"e9807575-e213-47aa-aa71-8420d327891e":[[29.5366904,-95.58162975],[29.53689239,-95.58104104],[29.536834,-95.58100733],[29.53682592,-95.58100866],[29.5367608,-95.58097631],[29.53675001,-95.58097911],[29.53668495,-95.5809437],[29.53667422,-95.58094342],[29.5366048,-95.58113194],[29.5365609,-95.58111241],[29.53654647,-95.58116421],[29.53660391,-95.58117795],[29.53655717,-95.58130412],[29.53648427,-95.58153398]],"8685efab-a866-4376-8f63-9723d1989370":[[29.53633323,-95.58156345],[29.53640472,-95.58134765],[29.53652102,-95.58140329],[29.53655489,-95.58129978],[29.53648515,-95.58126421],[29.53647523,-95.58126584],[29.5364378,-95.58124228],[29.53649831,-95.58106815],[29.53642328,-95.58102951],[29.53641255,-95.58103018],[29.53638729,-95.58101635],[29.53621491,-95.58150803],[29.5362244,-95.58151405],[29.53621326,-95.58154095],[29.53624485,-95.58155506],[29.53625645,-95.58153048]],"9172740c-dc96-4d0f-a60c-6c27c158ce6d":[[29.53364952,-95.58182422],[29.53370558,-95.58185135],[29.53373132,-95.58177145],[29.53365143,-95.58172603]],"4eb2f05b-a5c7-48fb-a00f-885d5b6d18b5":[[29.53366762,-95.58089326],[29.53371212,-95.58091676],[29.53372617,-95.5808719],[29.53366872,-95.58083684]],"a183b987-8e8e-4c2c-84cc-544f8455d1b8":[[29.53366885,-95.58083018],[29.53368686,-95.5808399],[29.53369036,-95.58079815],[29.5336697,-95.58078629]]}