{"be0a40a6-e14e-4c82-8a54-360364dce89f":[[29.78895247,-95.62732449],[29.78817059,-95.62733568],[29.78956802,-95.62732311],[29.78956807,-95.62732291]],"658037fe-57ef-4eb2-b07e-0d0414a7a03a":[[29.78987127,-95.62792766],[29.78959733,-95.62759894],[29.78953675,-95.62763953],[29.78950869,-95.62754612],[29.78955027,-95.6275445],[29.78954862,-95.62745485],[29.78955462,-95.62741047],[29.78955442,-95.62732664],[29.78845305,-95.6273371],[29.78829701,-95.62732248],[29.78817721,-95.62733516],[29.78820372,-95.6276205],[29.78869565,-95.62762282],[29.78874086,-95.62789283],[29.78836371,-95.62789879],[29.78833977,-95.62817754],[29.78870303,-95.62817649],[29.78870435,-95.62880381],[29.788769,-95.62878968],[29.78878957,-95.62891146],[29.78903491,-95.62891068],[29.78905133,-95.62877836],[29.78900432,-95.6287484],[29.78898333,-95.62864769],[29.78900234,-95.62861656],[29.789126,-95.62864088],[29.78911136,-95.62891461],[29.78941916,-95.62892793],[29.78941135,-95.62862726],[29.78947569,-95.62862894],[29.78949454,-95.62890175],[29.78976905,-95.62890545],[29.78977918,-95.62875896],[29.78974665,-95.62875128],[29.7897831,-95.6286176],[29.78988532,-95.62860802]],"1c3a70b2-eefa-43f0-937b-21791e3870d2":[[29.78971353,-95.62726471],[29.78971537,-95.62719607],[29.78966973,-95.62719542],[29.78966621,-95.62725257],[29.78969575,-95.62725007],[29.78969409,-95.62726148],[29.78971356,-95.62726308]]}