{"422ab556-46f9-47b5-a900-4b90ea5b1d2f":[[29.55312971,-95.53989664],[29.5531965,-95.53991212],[29.55322612,-95.53997732],[29.55330229,-95.53992398],[29.55328331,-95.53986365],[29.55333105,-95.5398234],[29.55329341,-95.53975647],[29.553205,-95.53981871],[29.55315603,-95.53971312],[29.5532743,-95.53963321],[29.55319428,-95.53946698],[29.55298077,-95.53961512],[29.55301829,-95.53968819],[29.55306704,-95.53966485],[29.55307576,-95.53970037],[29.55303791,-95.53971477],[29.55306368,-95.53977067],[29.55297946,-95.53982381],[29.55304955,-95.53994835]],"1f32affe-591d-44bf-9ee1-ee30da68f86b":[[29.55320453,-95.5408996],[29.5531869,-95.54083182],[29.55317648,-95.54082675],[29.55314428,-95.54075139],[29.55309034,-95.54076808],[29.55308577,-95.5407872],[29.55304119,-95.54080893],[29.55302518,-95.54076644],[29.55293404,-95.54080385],[29.55295087,-95.5409137],[29.55298682,-95.54095789],[29.5530035,-95.54096552],[29.55303955,-95.54094959],[29.55305824,-95.54096208],[29.55310489,-95.5409416],[29.55310921,-95.5409357],[29.55311871,-95.54093353]],"3e71767d-ae5f-4549-80e3-5017f6dc1fad":[[29.55306191,-95.54130766],[29.55303406,-95.54124495],[29.55297542,-95.54127375],[29.55300071,-95.54133492]],"a49ea925-7d42-4126-b54e-d3ba718dae83":[[29.553436,-95.54151993],[29.55340001,-95.54141051],[29.55333071,-95.5414228],[29.55331412,-95.54141279],[29.55327527,-95.5414192],[29.55327139,-95.54145306],[29.5532174,-95.54147459],[29.55323341,-95.54154882],[29.55327476,-95.5415469],[29.55329074,-95.54152146],[29.55330876,-95.54152413],[29.5533291,-95.5415741],[29.55334801,-95.54156424],[29.55336702,-95.54151525],[29.55339561,-95.54150563],[29.55340939,-95.54152739]],"c0bf23c9-6712-4b11-beef-afbf88173aa9":[[29.55347684,-95.54151228],[29.5535076,-95.54149798],[29.55351236,-95.54146418],[29.55354659,-95.54144053],[29.55355978,-95.54143992],[29.5535746,-95.54144029],[29.55358819,-95.54141896],[29.55359584,-95.54140691],[29.55362581,-95.5413907],[29.5535987,-95.54130051],[29.55356808,-95.54126488],[29.55353231,-95.54128283],[29.55339198,-95.54134056],[29.55344099,-95.5414916]],"559b8aeb-319c-4403-97bd-313f0633271d":[[29.55340373,-95.54084289],[29.55335939,-95.5407061],[29.55332694,-95.54072319],[29.55330464,-95.54068306],[29.55325894,-95.54070359],[29.5532485,-95.54068919],[29.55322373,-95.54069234],[29.55319928,-95.54067854],[29.55317814,-95.54066388],[29.5531357,-95.54068637],[29.55321849,-95.54092305]],"32575876-f832-4fe3-9add-c086a58b444f":[[29.55343944,-95.54082121],[29.55350658,-95.54079933],[29.55351271,-95.54078064],[29.55354423,-95.54076918],[29.55355544,-95.54074308],[29.5535897,-95.54071756],[29.55353041,-95.54054459],[29.55340408,-95.54060267],[29.55338014,-95.54064824]],"2e4ae13d-8b82-4f62-a0bb-61395688327c":[[29.55378911,-95.54060077],[29.55374021,-95.54046366],[29.55374469,-95.54044934],[29.55372546,-95.54041038],[29.55370563,-95.54040267],[29.55367922,-95.54040922],[29.55364031,-95.54040945],[29.55363023,-95.54044167],[29.55359331,-95.54044796],[29.55356487,-95.54045085],[29.55354865,-95.5404745],[29.55361166,-95.54064323],[29.5536298,-95.54062925],[29.55366836,-95.54064705],[29.55368767,-95.54062709],[29.55371095,-95.54061926],[29.55374702,-95.54060212],[29.5537658,-95.54060981]],"596b4907-7821-43ff-bbd9-0f3523444f34":[[29.55383648,-95.5413277],[29.55379706,-95.5411953],[29.55380811,-95.54119115],[29.55379724,-95.54115249],[29.55378948,-95.54115303],[29.5537747,-95.54111575],[29.55374878,-95.54112101],[29.55374568,-95.54111428],[29.55369356,-95.54113956],[29.55369303,-95.5411676],[29.55367459,-95.54118633],[29.55366873,-95.54118913],[29.55364682,-95.54118711],[29.55359689,-95.54119915],[29.55358802,-95.54122403],[29.55364229,-95.54139001],[29.55366868,-95.54139437],[29.55375997,-95.54134571],[29.55377049,-95.5413696]],"21db0339-c9e2-45ed-9f27-294337cc7a8b":[[29.55381749,-95.54119981],[29.55384459,-95.54120425],[29.55390347,-95.54118406],[29.55390393,-95.54115957],[29.55391808,-95.54115239],[29.55392181,-95.54117227],[29.55397738,-95.54115293],[29.5539737,-95.54113023],[29.55401115,-95.54111043],[29.55396033,-95.54096783],[29.55391874,-95.54098846],[29.55391738,-95.54097335],[29.55389775,-95.54096626],[29.55388466,-95.54096122],[29.55387192,-95.54098163],[29.55385825,-95.54100673],[29.553849,-95.54101686],[29.55383231,-95.54102775],[29.55380869,-95.54101397],[29.55379057,-95.54101352],[29.553768,-95.54103085],[29.5537654,-95.54103738]],"73dec1a9-938f-4862-88a0-204919ca88bc":[[29.55421036,-95.54102148],[29.55419831,-95.54093499],[29.55417591,-95.54094226],[29.55415993,-95.54079299],[29.55411717,-95.54078996],[29.55410812,-95.5408152],[29.55408929,-95.54081473],[29.55408881,-95.54084018],[29.55406313,-95.54083954],[29.5540581,-95.54083354],[29.55399466,-95.54083782],[29.55395487,-95.54085838],[29.55397049,-95.54096432],[29.55400486,-95.54097649],[29.55403672,-95.54107622],[29.55407922,-95.54109295],[29.55411852,-95.54109785],[29.55411406,-95.54106248]],"57c183ae-b0c0-4424-9799-6216bd776e87":[[29.55418439,-95.54037925],[29.55417996,-95.54030942],[29.55412782,-95.5402789],[29.55414672,-95.54023792],[29.55412939,-95.54015363],[29.55412255,-95.54012331],[29.55408457,-95.54012801],[29.5540817,-95.54019201],[29.55405973,-95.54022067],[29.55403485,-95.54022947],[29.55402243,-95.54018958],[29.55393663,-95.54019592],[29.55390487,-95.54026296],[29.55392517,-95.54027854],[29.55395027,-95.54038753],[29.55401526,-95.54039198],[29.55403656,-95.54044151],[29.55408169,-95.54040778],[29.55410224,-95.54041017],[29.55413786,-95.54039976],[29.55414338,-95.54036975]],"b7ecc139-0c86-4aec-8683-b6ea1f280b12":[[29.55428292,-95.54033073],[29.55427902,-95.540266],[29.55432863,-95.5402692],[29.55432687,-95.54036122],[29.55436174,-95.54032879],[29.55440439,-95.54033769],[29.55441571,-95.54028313],[29.55443615,-95.54019941],[29.55442804,-95.5401757],[29.55441167,-95.54013612],[29.55439637,-95.54012986],[29.55437773,-95.5401196],[29.55435384,-95.54011508],[29.55433981,-95.54013236],[29.55425217,-95.5401478],[29.55422173,-95.54012745],[29.55417533,-95.54013608],[29.55419106,-95.54035031],[29.55420089,-95.54035338],[29.55422395,-95.54035396]],"2e3569fb-f249-4dff-9338-683b9e00cfc6":[[29.55437821,-95.54106856],[29.55438154,-95.54103488],[29.55438528,-95.54097972],[29.55432364,-95.54097511],[29.55431911,-95.54107169]],"cac08fed-73ec-428c-a8be-f0afec9067b6":[[29.55441321,-95.54088255],[29.55440784,-95.54072443],[29.554387,-95.54073424],[29.55436005,-95.54072619],[29.55430975,-95.54072345],[29.55428115,-95.54073381],[29.5542468,-95.54074107],[29.55422984,-95.54075024],[29.55419945,-95.54078713],[29.55419993,-95.54086318],[29.55421307,-95.54088492]],"daa9cde1-179b-4ae9-b3b7-0e00dfcec3ee":[[29.5546332,-95.54101964],[29.5546497,-95.54097577],[29.55468952,-95.54083166],[29.55467777,-95.54080028],[29.55465896,-95.54079321],[29.55466003,-95.54078004],[29.55462404,-95.54076689],[29.55461039,-95.54079105],[29.55460427,-95.5407664],[29.55460868,-95.54075143],[29.55459488,-95.54074072],[29.55458398,-95.54075082],[29.55456831,-95.54075137],[29.55456771,-95.54074004],[29.5545506,-95.54073019],[29.55454218,-95.54073941],[29.55450218,-95.5407205],[29.55446224,-95.54074117],[29.5544268,-95.54082791],[29.55443235,-95.54083936],[29.55443071,-95.54092506]],"0a9fb4fa-dc95-4d95-b4f4-a600dcf204c4":[[29.55462093,-95.54037231],[29.55468177,-95.54025692],[29.55466854,-95.54020365],[29.55463373,-95.54016206],[29.55459381,-95.54020178],[29.55456421,-95.54020564],[29.5545082,-95.54018736],[29.55448575,-95.54016838],[29.55449186,-95.54015303],[29.55443796,-95.54014635],[29.55444085,-95.54020644],[29.55443162,-95.54026536],[29.55444206,-95.54026923],[29.55443852,-95.54028958],[29.55442148,-95.54030118],[29.55441566,-95.54038521],[29.55451515,-95.54040574],[29.554519,-95.54036976]],