{"352e99ee-1ba2-4077-bf2a-05fc01a6026a":[[29.59432043,-95.5672331],[29.59432653,-95.56702633],[29.59423616,-95.56702404],[29.5942377,-95.56699882],[29.59415066,-95.56698699],[29.59414314,-95.56704936],[29.5941891,-95.56706496],[29.59416928,-95.56711137],[29.59415877,-95.56711111],[29.59414002,-95.56715635],[29.59417671,-95.56721622],[29.59421658,-95.56722084],[29.59423283,-95.56719599],[29.59424644,-95.56719874],[29.59423965,-95.56722383]],"4d857bce-0186-46ef-a365-a772462fddbf":[[29.59411025,-95.56722777],[29.59412392,-95.56701037],[29.59404653,-95.56698917],[29.59405833,-95.5670857],[29.59403519,-95.56708632],[29.59403051,-95.56700199],[29.59397539,-95.56697052],[29.59395076,-95.56704809],[29.59399018,-95.56707556],[29.59397165,-95.56721824]],"d5151242-7245-4023-91a3-36dec1d95216":[[29.59393979,-95.56691494],[29.59398664,-95.56692073],[29.5939872,-95.56689157],[29.59395117,-95.56688145]],"bfb5c23c-78a0-4edb-884f-259df0e0bf10":[[29.59392402,-95.56721588],[29.59394003,-95.56709478],[29.59391588,-95.56709297],[29.5939287,-95.56702833],[29.59387074,-95.56703528],[29.59387216,-95.56707021],[29.59385234,-95.56706249],[29.59385705,-95.56698201],[29.59375922,-95.56698434],[29.59375456,-95.56706242],[29.59379337,-95.56706701],[29.5937896,-95.56720766],[29.59385351,-95.56721891]],"9ba92c75-db07-476e-88a1-a3c98c38a263":[[29.59377278,-95.56719923],[29.59377531,-95.56711069],[29.59373175,-95.56710582],[29.59373116,-95.56709355],[29.59373863,-95.5670899],[29.59373988,-95.56702513],[29.59368169,-95.56702654],[29.59367863,-95.56708028],[29.59366275,-95.56708539],[29.59365103,-95.56707138],[29.59360991,-95.5670723],[29.59360003,-95.56722881],[29.59367547,-95.56722484]],"d04db403-561b-4d91-ad8a-54a590a9934f":[[29.59363467,-95.56706216],[29.59364865,-95.56704567],[29.5936458,-95.56697583],[29.59356477,-95.56697979],[29.59356531,-95.5670604]],"d2da3dce-19b9-434e-b224-270480e6987d":[[29.59357817,-95.56720672],[29.59357716,-95.56708887],[29.59354515,-95.56708241],[29.59355315,-95.56699241],[29.59349817,-95.56698523],[29.59349736,-95.56702687],[29.59347318,-95.56704825],[29.59345026,-95.56705673],[29.59346332,-95.56697789],[29.59338355,-95.56697115],[29.59337133,-95.56704908],[29.59340331,-95.56705648],[29.59339983,-95.56719401],[29.59345401,-95.56720387],[29.59347501,-95.56718272],[29.59348195,-95.5672074]],"ba080d9b-b809-4558-8f26-ec5b041a6c59":[[29.5933461,-95.56715583],[29.59334524,-95.56698258],[29.59328541,-95.56697745],[29.5932793,-95.56702181],[29.59320777,-95.56702361],[29.59319989,-95.56721348],[29.59326084,-95.56721502],[29.5932673,-95.56715263]],"78b1dcc2-2dee-43ae-9c25-918efb8a8d31":[[29.59314546,-95.56720089],[29.59315016,-95.56704621],[29.59317926,-95.56704694],[29.59317408,-95.56696059],[29.59309512,-95.56697035],[29.59310398,-95.56704308],[29.59306442,-95.56705187],[29.5930624,-95.56697932],[29.59299062,-95.56697162],[29.59298268,-95.56711643],[29.59299653,-95.56710894],[29.59299129,-95.56720286]],"bf9f82cd-8de9-42da-8ebb-50e34fdf20e6":[[29.59296986,-95.56719832],[29.59297691,-95.56708916],[29.5929547,-95.56708766],[29.59295735,-95.56699347],[29.59292214,-95.56698221],[29.59291431,-95.5670461],[29.59286639,-95.56705337],[29.5928727,-95.56698167],[29.59286131,-95.56695031],[29.59280992,-95.56695097],[29.59279281,-95.56703871],[29.59283207,-95.56704559],[29.5928239,-95.56720214]],"21fc74ab-2b43-42a0-ac1c-513c52d8b846":[[29.59278263,-95.5672109],[29.59279848,-95.5670996],[29.59277067,-95.56703228],[29.59272966,-95.56702732],[29.592731,-95.56704695],[29.59268988,-95.56704786],[29.59268251,-95.5670903],[29.59266796,-95.56708472],[29.59266679,-95.56718335],[29.5927057,-95.56718313],[29.59271464,-95.56720983]],"4eb2f5a9-358a-4596-a36e-9bc108642acb":[[29.59268071,-95.5670519],[29.59268108,-95.56696624],[29.59260363,-95.56696576],[29.59260353,-95.5671046],[29.59264413,-95.56710784],[29.59265554,-95.567052]],"fbb9e92a-a474-4e43-a6b5-e700926e2c0f":[[29.5926087,-95.56721956],[29.59257933,-95.5670528],[29.59248791,-95.56705048],[29.59246443,-95.56695967],[29.59233788,-95.56697932],[29.592353,-95.56706752],[29.59242175,-95.5670464],[29.59245373,-95.56724089]],"1eca241a-1986-4cbc-9b78-d887baaadedd":[[29.59231515,-95.56730587],[29.59237886,-95.56727309],[29.59232552,-95.56720437],[29.5922663,-95.56722212],[29.59225021,-95.56718442],[29.59226216,-95.56716427],[29.59226235,-95.56715465],[29.59229189,-95.56709525],[29.59222385,-95.56702496],[29.59218589,-95.56708535],[29.59223629,-95.56714317],[29.59211323,-95.56725433],[29.59216802,-95.56730214]],"47c47a1a-3118-43d5-b3bf-c4d7363a9f40":[[29.59203397,-95.56716305],[29.59208239,-95.56701842],[29.59214687,-95.56708454],[29.59218161,-95.56702247],[29.59213163,-95.56697054],[29.59203298,-95.56700642],[29.59191653,-95.56699119],[29.59189466,-95.56708122]],"e09a0af5-bc5c-4eea-b9de-c380490ec9a3":[[29.59178386,-95.56722978],[29.59182512,-95.56721639],[29.59185881,-95.5671595],[29.59183717,-95.5671373],[29.59184755,-95.56708944],[29.59180579,-95.56701982],[29.59170289,-95.56712187]],"388992c7-c49d-41be-9f46-fb290d75232e":[[29.59165055,-95.56723917],[29.59169882,-95.56711337],[29.59168183,-95.56709078],[29.59165849,-95.56712933],[29.59161615,-95.56711571],[29.5915831,-95.56722269]],"0facd035-876d-4fdf-bcd4-d43e96492b0b":[[29.59153954,-95.56723437],[29.59155184,-95.56715331],[29.59146899,-95.56713586],[29.59147438,-95.56720355],[29.59133567,-95.56716012],[29.59133065,-95.56728093],[29.59147148,-95.56728449],[29.59147367,-95.56724038]],"c95ac7e3-25c7-4a4d-a02c-d57c3fcec966":[[29.59151679,-95.56709156],[29.59152934,-95.56706249],[29.59155193,-95.56704542],[29.59154759,-95.56700416],[29.59152705,-95.56700364],[29.59151777,-95.56695246],[29.59132753,-95.5669594],[29.59132997,-95.56701041],[29.59134705,-95.5670128],[29.59135919,-95.56709345]],"e1dba44b-2783-46ee-8ad1-57e7287ea025":[[29.59100837,-95.56727276],[29.59100351,-95.56725222],[29.5910204,-95.56724904],[29.59101881,-95.56722253],[29.59100547,-95.56720535],[29.59099809,-95.56715224],[29.59089704,-95.5671581],[29.59089067,-95.56726978]],"12395d25-510a-42f3-a534-1398da22506e":[[29.59100575,-95.56711473],[29.59100839,-95.56704537],[29.59103217,-95.56701717],[29.59102115,-95.56694503],[29.5908636,-95.56694496],[29.59086901,-95.56710774]],"91aa1f06-adb0-4db5-acbc-dd07b72526a4":[[29.59068356,-95.5671325],[29.59068489,-95.56699435],[29.59073032,-95.56700472],[29.59073463,-95.56692038],[29.59067416,-95.56692499],[29.59067097,-95.56695712],[29.59055079,-95.56696367],[29.5905439,-95.56711932]],"f499520b-2ae2-493c-bf00-db31ca583522":[[29.59021743,-95.56725272],[29.59021776,-95.56723562],[29.59017365,-95.5672333],[29.59017364,-95.56717916],[29.59020804,-95.56714034],[29.59019482,-95.56711715],[29.5900582,-95.56711135],[29.59005555,-95.56724862]],"2d0f249e-176a-48d0-a7f5-73c770453f4b":[[29.59021721,-95.56710087],[29.59021786,-95.56695894],[29.59010966,-95.56695379],[29.59008972,-95.56700622],[29.59006029,-95.56700337],[29.59005853,-95.56709451]],"5227bbd3-bb14-4bfd-9577-714d48136b80":[[29.59077172,-95.56679811],[29.59082109,-95.56680125],[29.59082259,-95.56676641],[29.59077765,-95.56674736]],"a7dd69f5-f59b-4df7-b66e-d3f951a7eb04":[[29.5904753,-95.56304283],[29.59048205,-95.56278749],[29.59019823,-95.56277031],[29.59019437,-95.56297028],[29.59032113,-95.56297098],[29.59032453,-95.56302109]],"c772186f-34b6-493e-8304-9cf4158ee317":[[29.59161387,-95.56372107],[29.59144316,-95.56351492],[29.59139075,-95.56356846],[29.59156484,-95.56377666]],"67166cca-0a94-4fa4-a705-517cc7d32505":[[29.59192739,-95.56331573],[29.59194644,-95.56322479],[29.59188922,-95.56320166],[29.5918759,-95.56320886],[29.59179398,-95.56318511],[29.59178645,-95.56323393],[29.5918593,-95.5632584],[29.5918554,-95.5632894]],"4a7c7c09-1f6a-4394-909b-c69ad411da52":[[29.59194132,-95.56319167],[29.59195919,-95.56311954],[29.59190286,-95.56309267],[29.5918969,-95.56310288],[29.59186019,-95.56308405],[29.59184166,-95.56314767]],