{"e2b82eff-71d8-4138-92d9-0d39717742b6":[[29.48087302,-95.58910168],[29.48087908,-95.58911135],[29.48092067,-95.58911479],[29.48092902,-95.58911382],[29.48093136,-95.58910078],[29.48093095,-95.58890793],[29.4808758,-95.58890534]],"7875289a-044e-4303-aa6b-fd2237778ec5":[[29.48180248,-95.58828284],[29.48180533,-95.58819007],[29.48179818,-95.58818274],[29.48173148,-95.58818462],[29.48172038,-95.58827361],[29.48175244,-95.58828514]],"ed93ef55-0fb3-4f45-8eba-825c289a1476":[[29.48167963,-95.58849399],[29.48168442,-95.58846197],[29.48167966,-95.58843923],[29.48166101,-95.588434],[29.4816611,-95.58842924],[29.48162673,-95.58842955],[29.48154543,-95.58843225],[29.48155448,-95.58850271],[29.48161509,-95.58849235]],"a2f64eed-2533-4ddf-a2af-570ec219dfd7":[[29.48147633,-95.58690825],[29.48147759,-95.58686934],[29.48144104,-95.58686841],[29.48144026,-95.58690848],[29.48144425,-95.58690915],[29.48144414,-95.58691487],[29.48145967,-95.5869147],[29.4814613,-95.58690844]],"00a0bed3-23c6-45e7-bb88-2ab070b8aa8e":[[29.48393687,-95.58709537],[29.48397392,-95.58709705],[29.48397615,-95.58704814],[29.48394227,-95.58704801],[29.4839414,-95.58705968],[29.48393627,-95.58706028]],"55333d93-c279-4d9c-adf1-1ff1a7fb81e3":[[29.48429842,-95.5875707],[29.4843811,-95.58747393],[29.48439088,-95.58747418],[29.48448178,-95.58736928],[29.48448236,-95.58733935],[29.48446403,-95.58732214],[29.4844333,-95.58734934],[29.48443798,-95.58736065],[29.48425719,-95.58755099],[29.48428361,-95.58757685],[29.48429523,-95.58756688]],"f765c466-6cd9-4313-ab98-020aeb4347da":[[29.48016586,-95.58744373],[29.48027161,-95.58744626],[29.48027545,-95.58724885],[29.48016972,-95.58724514]]}