{"430a3665-142c-4ddb-bf3b-c2418d95799b":[[29.83077,-95.62766446],[29.83076944,-95.62766793],[29.83077355,-95.62770027],[29.83076223,-95.62771178],[29.83076938,-95.62773058],[29.83077933,-95.62772766],[29.83079789,-95.62772996],[29.83081742,-95.62774319],[29.83083211,-95.62774085],[29.83083882,-95.62774193],[29.83085036,-95.6277386],[29.83088222,-95.62773397],[29.83088424,-95.62771515],[29.83089811,-95.62767965],[29.83090452,-95.62764678],[29.83089643,-95.62763996],[29.83088793,-95.62762975],[29.83087748,-95.62761768],[29.83086952,-95.62760956],[29.83086853,-95.62761018],[29.83086417,-95.62758498],[29.83084052,-95.62758882],[29.83083495,-95.62758812],[29.83083205,-95.62758721],[29.83082898,-95.62758267],[29.83082369,-95.62757974],[29.83081358,-95.62757474],[29.83080798,-95.62757543],[29.83080491,-95.62758343],[29.83080426,-95.6275915],[29.83080143,-95.6275995],[29.83079919,-95.62760223],[29.83079625,-95.62760327],[29.83079034,-95.62760702],[29.83078885,-95.62760893],[29.830787,-95.62761641],[29.83078692,-95.62762031],[29.83078381,-95.62763026],[29.83078366,-95.62763778],[29.83078272,-95.62764807],[29.83078015,-95.62765524]],"dfdd0099-ebf3-4938-b862-5d4462fca009":[[29.83113655,-95.62756088],[29.83115233,-95.62753239],[29.83114764,-95.62748156],[29.83106096,-95.62746567],[29.83105892,-95.62749669],[29.8310446,-95.62754702],[29.83113183,-95.62755912]],"a436e6ec-73e6-4b0b-8360-889e67bc1c75":[[29.83256335,-95.62697944],[29.83256105,-95.62698237],[29.83255337,-95.62699413],[29.83257449,-95.62699981],[29.83258522,-95.6270223],[29.83260058,-95.62703637],[29.83259745,-95.62706235],[29.83262079,-95.62705014],[29.832655,-95.62705275],[29.83265892,-95.62704303],[29.83268941,-95.62704553],[29.83268879,-95.62702074],[29.8327077,-95.62700628],[29.83270304,-95.62697839],[29.83271595,-95.62696634],[29.83270828,-95.62695845],[29.83269029,-95.62694517],[29.83269866,-95.62693641],[29.83267367,-95.62691953],[29.83265702,-95.62689517],[29.83263704,-95.62690746],[29.83262381,-95.62689857],[29.83260869,-95.62690971],[29.83257853,-95.62690892],[29.8325858,-95.62693688],[29.83257891,-95.6269461],[29.83257503,-95.62697248]]}