{"0eaccca2-8db5-41c5-9a9d-f82b843d02ee":[[30.01071227,-95.51337314],[30.01075179,-95.51337414],[30.0107807,-95.51333914],[30.01082028,-95.5133369],[30.01102545,-95.51294617],[30.01083615,-95.51280185],[30.01080215,-95.51280748],[30.01070804,-95.51300306],[30.01066613,-95.51297929],[30.01056036,-95.51319404],[30.01067461,-95.51327481],[30.01065103,-95.51332614]],"b75532e1-a357-4898-897e-e8d272c27e4f":[[30.01105367,-95.51289224],[30.01128141,-95.51249755],[30.01115499,-95.51239873],[30.01106251,-95.51233862],[30.01102416,-95.51234961],[30.01093239,-95.51252461],[30.01093536,-95.51255058],[30.01092243,-95.51259209],[30.01088339,-95.51263892],[30.01085291,-95.51269194],[30.01086485,-95.5127022],[30.0108428,-95.51276739],[30.0110464,-95.51290999]],"04f3721a-2825-43f6-bd21-4801d3c75099":[[30.01151132,-95.51207318],[30.01126675,-95.51190174],[30.01121342,-95.51191311],[30.01111198,-95.51212667],[30.01137356,-95.51233414],[30.01140304,-95.51229674]],"ab02936d-f459-46fe-8af3-09979217a3b4":[[30.0116958,-95.51113025],[30.01166442,-95.51109138],[30.01161007,-95.51115612],[30.01165103,-95.51121309],[30.01147264,-95.51151626],[30.01159008,-95.51162347],[30.01156882,-95.51169413],[30.01168323,-95.51178851]],"2fde3258-9106-4512-8e19-32a5c5799048":[[30.01171941,-95.50989306],[30.01167119,-95.5099012],[30.01167325,-95.5099356],[30.01162123,-95.50995614],[30.01162055,-95.50999203],[30.01156236,-95.51000625],[30.01157053,-95.51018517],[30.01165768,-95.51017383],[30.01171387,-95.51018346]],"3531c5c7-6dee-4b3e-b36d-283954c71836":[[30.01161504,-95.5104723],[30.0116366,-95.5104104],[30.01162878,-95.51039304],[30.01154929,-95.51035825],[30.0115275,-95.51043263]],"94d943dd-030c-4af5-b2bb-95c2f77f9253":[[30.01106691,-95.50902507],[30.01107771,-95.50902846],[30.01117538,-95.50889356],[30.01110074,-95.50881831],[30.01099067,-95.50896227]],"79539c77-fdc5-463b-8701-23d4b0cb39e1":[[30.01088151,-95.50866754],[30.01096477,-95.50866566],[30.010981,-95.50872384],[30.01109237,-95.50870274],[30.01109795,-95.50868296],[30.01116946,-95.50866085],[30.01117682,-95.50854748],[30.01115693,-95.50849916],[30.01112744,-95.50850041],[30.01110434,-95.50852971],[30.01087105,-95.50857962]],"50666012-2263-4cac-abad-9c10441b93f1":[[30.01039839,-95.50984952],[30.01037929,-95.50979033],[30.01034206,-95.50978939],[30.01032336,-95.50982072],[30.01035009,-95.50987032],[30.01038002,-95.50986373]],"2d8619a6-54fc-4238-a53c-be7543dafb03":[[30.01018456,-95.50924465],[30.01017796,-95.50920046],[30.01016635,-95.50919527],[30.01008812,-95.50922266],[30.01010416,-95.50927443]],"ee8eeba4-ca67-4c00-ba26-150dd6124b58":[[30.01131812,-95.50884801],[30.01124418,-95.50878004],[30.01117117,-95.50888284],[30.01123758,-95.50894797]],"3a014a6b-c878-4c1a-b219-e16f110422f5":[[30.01071451,-95.51281277],[30.01075604,-95.51272616],[30.01073743,-95.51270178],[30.0107166,-95.51270325],[30.01067318,-95.51279778],[30.01070565,-95.5128225]],"feee5eb5-aaf0-4647-8238-7cc63b6086d5":[[30.01134603,-95.50877328],[30.01139595,-95.50868401],[30.01126958,-95.50858895],[30.01123651,-95.50865838],[30.01125279,-95.50866825],[30.01124548,-95.50868157],[30.01128842,-95.50871103],[30.01128201,-95.50873924]],"4a6d542f-9636-4564-bd0f-71d203906e1b":[[30.01039656,-95.51067679],[30.010088,-95.51049271],[30.01002377,-95.51049707],[30.00996584,-95.51067091],[30.01002012,-95.51068822],[30.01031331,-95.51085995]]}