{"0033821d-c6eb-4f3d-b1fa-c2e598513f17":[[29.97850961,-95.63326947],[29.97872055,-95.63329308],[29.97875524,-95.63300815],[29.97870116,-95.63299423],[29.97870725,-95.6328709],[29.97875184,-95.63287624],[29.97876465,-95.63277944],[29.97860338,-95.63274882],[29.97856844,-95.63304623],[29.97848766,-95.63303855],[29.97847808,-95.63315485],[29.97852017,-95.63316429]],"ce249f85-4112-4ea6-8a3e-13ff33571798":[[29.97963868,-95.62991968],[29.979675,-95.62987592],[29.97960454,-95.62979597],[29.97961348,-95.62978486],[29.97959589,-95.6297637],[29.97958639,-95.62977346],[29.97951152,-95.62968205],[29.97947412,-95.62972178],[29.9795955,-95.62987048]],"be241a17-94db-4816-9855-872e40b4fd6e":[[29.97847812,-95.63062616],[29.97857162,-95.63062929],[29.9785739,-95.63057329],[29.97861508,-95.63057453],[29.97861516,-95.630535],[29.9785654,-95.63053302],[29.97856507,-95.63049163],[29.97848088,-95.63048807],[29.97848011,-95.63052676],[29.97840053,-95.63052335],[29.97839953,-95.63057335],[29.97847869,-95.63057807]],"1c0145bf-6934-47c3-87bd-6492d097ebe4":[[29.97868848,-95.63058699],[29.97873494,-95.63058821],[29.97873636,-95.6305462],[29.97876369,-95.63054559],[29.97876652,-95.63043286],[29.97872587,-95.63043179],[29.9787225,-95.63051313],[29.97868937,-95.63051359]],"2b0780f5-8ef2-48d8-b19d-b441d8626e99":[[29.98015701,-95.62986273],[29.9803939,-95.62961238],[29.98019909,-95.62936697],[29.98024277,-95.62931267],[29.98023078,-95.62929714],[29.98020569,-95.62927364],[29.98011371,-95.62937668],[29.98013862,-95.62940887],[29.9799551,-95.62959321],[29.97988444,-95.6296718],[29.97993712,-95.62973516],[29.97999699,-95.62967585]],"6240ba05-f957-4003-9343-58a236cd1585":[[29.97996883,-95.62942842],[29.98018489,-95.62919545],[29.98011172,-95.62910887],[29.97989213,-95.62933759]],"29284217-64b5-47fb-b410-967205af89ef":[[29.98061145,-95.62918735],[29.9806982,-95.62909152],[29.98065175,-95.62903156],[29.98063472,-95.62904045],[29.98057409,-95.62902316],[29.98048515,-95.62902081],[29.9804828,-95.62902443]]}