{"4f994029-6628-438a-9aba-b5c3241cda6b":[[29.76075755,-95.45840916],[29.76073798,-95.45841464],[29.76083613,-95.45879042],[29.76085796,-95.45880286],[29.76153442,-95.45858136],[29.76144276,-95.45820573],[29.76140936,-95.45818707]],"6ffd4931-2eef-4066-a43d-181c1ee279e3":[[29.75876448,-95.45437155],[29.75876541,-95.45444934],[29.75885147,-95.45445922],[29.75888573,-95.45445629],[29.75888997,-95.45445105],[29.75889139,-95.45437465]],"8d64bc46-4a78-4d76-8936-5150c7084ca8":[[29.7588935,-95.4543747],[29.75889206,-95.45445202],[29.75887842,-95.45446888],[29.75886676,-95.45452772],[29.7588684,-95.45456491],[29.75919735,-95.45495375],[29.75961522,-95.45495799],[29.75912494,-95.45438034]],"f28146ee-4813-4006-81ba-5636c24d14af":[[29.75839585,-95.45436257],[29.75838381,-95.45501659],[29.75859968,-95.45502632],[29.75871537,-95.45487741],[29.75873117,-95.45437074]],"9bc75a7c-eb60-48c3-8b5b-c98dded9e428":[[29.75867022,-95.45788468],[29.75867022,-95.45788793],[29.75880798,-95.45789312],[29.75883616,-95.45787737],[29.75889359,-95.45787421],[29.75888801,-95.45783115],[29.75894848,-95.45783628],[29.75894724,-95.45777415],[29.75897273,-95.45777477],[29.75899149,-95.45770856],[29.75897356,-95.45760127],[29.75894467,-95.45760919],[29.75894103,-95.45754791],[29.75892791,-95.45752476],[29.75892705,-95.45748547],[29.75879696,-95.45741106],[29.75841273,-95.45741903],[29.75840803,-95.45780065],[29.75854843,-95.45787805]],"a7c78e7b-bf31-43f8-b324-0b311b23205f":[[29.75759093,-95.45832839],[29.75775029,-95.4583391],[29.75776365,-95.45860517],[29.75779886,-95.45862584],[29.75796866,-95.45862766],[29.75796778,-95.45829196],[29.75795556,-95.45829283],[29.7579573,-95.45819963],[29.75792888,-95.4581966],[29.75793453,-95.45805687],[29.75784914,-95.45805479],[29.75784323,-95.45809893],[29.75765319,-95.45809196],[29.75765615,-95.45798714],[29.75759722,-95.45799022]],"63ef12ea-d780-4814-bb91-ea33cf0d6353":[[29.75760997,-95.45730374],[29.75770576,-95.45728265],[29.75779747,-95.45721845],[29.75783106,-95.45716216],[29.75783497,-95.45717041],[29.75785541,-95.4571103],[29.75784427,-95.4571077],[29.75784806,-95.45706816],[29.75787964,-95.45706544],[29.75788195,-95.45699556],[29.7576158,-95.45699021]],"d99c8528-f9b1-42f2-b996-1d6d6f4902e1":[[29.75762121,-95.45669904],[29.75772991,-95.45668918],[29.75773061,-95.45670668],[29.75786182,-95.45670522],[29.75785523,-95.45656753],[29.75786743,-95.45656782],[29.75786899,-95.45642916],[29.75788216,-95.45643181],[29.75788592,-95.45628388],[29.75766212,-95.45628774],[29.75765909,-95.45645085],[29.75762584,-95.45645004]],"03623244-1d89-426c-9f1e-9d313124ec7b":[[29.76178095,-95.45938222],[29.76178026,-95.45932492],[29.76152019,-95.45921146],[29.76152143,-95.45907463],[29.76147346,-95.45907197],[29.76147448,-95.45901695],[29.76143945,-95.4590161],[29.76144023,-95.45897446],[29.76121976,-95.45896461],[29.76121926,-95.45892146],[29.76093768,-95.45891756],[29.76093337,-95.45893977],[29.76088145,-95.45893999],[29.76087954,-95.45897267],[29.76085478,-95.45897801],[29.76084951,-95.45905226],[29.76078977,-95.45905378],[29.7607742,-95.45912332],[29.7607508,-95.45912572],[29.76074765,-95.45915539],[29.76071005,-95.45915299],[29.76070859,-95.4592318],[29.7606308,-95.45922692],[29.76062575,-95.45928928],[29.76059715,-95.45929155],[29.76059811,-95.45935332]],"44521f03-0b69-4282-a1c3-83eef7afc3e7":[[29.75907783,-95.45926746],[29.75907081,-95.459316],[29.75921223,-95.45931946],[29.75921569,-95.45929328]],"21bf79ae-52ec-469c-b0dd-ca96d68235a9":[[29.75909025,-95.45918191],[29.75907821,-95.4592651],[29.75921603,-95.45929092],[29.75922627,-95.45921406]],"b118abe7-b5b1-450c-a7e2-36d471c3b693":[[29.75910097,-95.45910816],[29.75909063,-95.45917951],[29.75922657,-95.45921166],[29.75923744,-95.45912994]],"abca6560-e04a-449f-9f9f-848a6556cc0e":[[29.75912224,-95.45896113],[29.75910131,-95.45910575],[29.75923773,-95.45912753],[29.75925806,-95.45897478]],"f4ce8cda-e80b-42e8-b483-302360d7e6e0":[[29.75913461,-95.45887607],[29.75912262,-95.45895872],[29.7592584,-95.45897237],[29.75926834,-95.45889773]],"e3f3dd1e-b4f8-4a45-be42-dcf1ff6f092c":[[29.75914515,-95.45880303],[29.75913495,-95.45887371],[29.75926864,-95.45889537],[29.75927902,-95.45881741]],"61a92788-0592-41e7-93af-9a59633c4a74":[[29.75915902,-95.45870731],[29.75914553,-95.45880068],[29.75927931,-95.458815],[29.75929104,-95.4587269]],"68489c40-a780-4875-b436-ebca404f3f22":[[29.75953885,-95.45932744],[29.75956648,-95.45917789],[29.7592926,-95.45911803],[29.75927366,-95.45932096]],"6b615879-85bc-4a1f-922b-f02719902421":[[29.75933646,-95.45881592],[29.75930779,-95.45901398],[29.75939265,-95.45902249],[29.75942129,-95.45883276]],"4467c793-2f36-4415-a3fd-c1245636c1b3":[[29.75942335,-95.4588332],[29.75939476,-95.45902273],[29.75948903,-95.45903218],[29.7595151,-95.45885142]],"fe70a31b-87d7-4370-9360-ce586ffd1047":[[29.7595172,-95.45885181],[29.75949113,-95.45903238],[29.75957594,-95.45904092],[29.75958186,-95.45899986],[29.75959476,-95.45886722]],"6edaaabd-fe22-4f1e-87f2-2c324a2315de":[[29.75936399,-95.45862552],[29.7593368,-95.45881356],[29.75942163,-95.4588304],[29.75945003,-95.45864207]],"5192912f-a120-455c-9bf9-ac7d8231b696":[[29.75945209,-95.45864246],[29.75942369,-95.45883079],[29.75951544,-95.45884902],[29.75954271,-95.45865988]],"16731f39-b796-4de0-9925-b1dccc9dcbe8":[[29.75954481,-95.45866032],[29.75951754,-95.45884945],[29.75959502,-95.45886482],[29.75961365,-95.45867355]],"c4a161fe-1329-4f56-97eb-48b931cd7643":[[29.75971584,-95.4586716],[29.75961179,-95.45932922],[29.75974514,-95.45933248],[29.75983274,-95.45869497]],"fa595f54-9ed8-445b-aace-847b8975b36d":[[29.7598348,-95.45869541],[29.75974725,-95.45933253],[29.75987174,-95.45933557],[29.75996154,-95.45872074]],"93f6f688-13f6-45e7-8e1d-5265ba28e936":[[29.76002533,-95.4587104],[29.75993142,-95.45933703],[29.76009477,-95.45934102],[29.76017341,-95.45874361]],"ead5e4f9-0326-4540-b7f2-17513acf0e88":[[29.76017546,-95.45874409],[29.76009687,-95.45934107],[29.76022722,-95.45934426],[29.7603012,-95.45877232]],"6bc0c2bc-1af9-4307-9cee-1b0aa628b394":[[29.76048875,-95.45935065],[29.76055251,-95.45889965],[29.76037256,-95.45887443],[29.76030542,-95.45934617]],"7a3b0d29-c51c-4b80-9ba7-46113e94ba9c":[[29.75821088,-95.45805331],[29.75821204,-95.45814698],[29.75824768,-95.45814435],[29.7582545,-95.45805127],[29.75821187,-95.45804673]],"8c435808-f83e-4170-acdf-0fea4552e8ba":[[29.76009513,-95.45851319],[29.76003192,-95.4584923],[29.75987044,-95.45845117],[29.75970766,-95.45841],[29.75965819,-95.45855755],[29.75975629,-95.45858673],[29.75976047,-95.4585855],[29.75984465,-95.45859805],[29.75990746,-95.45861124],[29.76002299,-95.45863271],[29.76008202,-95.45864674],[29.76010339,-95.4585101]],"18cf09ef-34d0-4452-870b-f8c726482bf9":[[29.76053308,-95.45856938],[29.76044219,-95.45855588],[29.76034646,-95.45853866],[29.7602586,-95.45851718],[29.76025531,-95.45848437],[29.76022191,-95.4584657],[29.76010569,-95.45850923],[29.76008412,-95.45864723],[29.76009935,-95.45865086],[29.76013685,-95.45865761],[29.76019321,-95.45863451],[29.760252,-95.45864527],[29.76024313,-95.45868468],[29.76026644,-95.45868875],[29.76032923,-95.4587031],[29.76035616,-95.45867695],[29.76038025,-95.45863908],[29.76041259,-95.45865036],[29.76041393,-95.45868769],[29.76046242,-95.45870519],[29.76048344,-95.4586684],[29.7605169,-95.45867388],[29.76052979,-95.4586369],[29.76054214,-95.45862904],[29.76055216,-95.45858266]],"92d45daf-5d1b-4fb1-bf12-cadbbe65dbcb":[[29.75933772,-95.45839058],[29.7593157,-95.45839997],[29.75918927,-95.45842812],[29.75921074,-95.4585298],[29.75925077,-95.45854119],[29.75932793,-95.45853606],[29.75934623,-95.45844534]],"a1fa9e2c-b262-4f4c-808d-401e1dcd9ddc":[[29.75947261,-95.45837268],[29.75933983,-95.45839029],[29.75934837,-95.4584454],[29.75933013,-95.45853592],[29.75933264,-95.45853575],[29.75944038,-95.45853541],[29.75944948,-95.45853787],[29.75947482,-95.45844092]],