{"f643361b-c3f5-4140-86de-0294566c32e2":[[29.47747553,-95.56966676],[29.47746861,-95.56964754],[29.47744971,-95.56965539],[29.47744851,-95.56966369],[29.47745351,-95.56967453],[29.47746179,-95.56967712]],"c39e5817-090e-48b7-9cf0-e0ca255a25fc":[[29.4783829,-95.57056344],[29.47838355,-95.57054999],[29.47838668,-95.57055052],[29.47838617,-95.57055679],[29.47839323,-95.57055697],[29.4783935,-95.57052288],[29.47837777,-95.57052428],[29.47837759,-95.57053324],[29.47837211,-95.57053266],[29.47837262,-95.57052639],[29.4783514,-95.57052765],[29.47835279,-95.57055729],[29.47836616,-95.57055628],[29.47836639,-95.57056481]]}