{"fba0160a-5214-418f-bdd1-6f8708015a1c":[[29.53541497,-95.62407804],[29.53533988,-95.62393953],[29.53527871,-95.62397938],[29.53534981,-95.62411625]],"11a259b6-795e-41f7-a85b-f8f2f21b43dd":[[29.53535648,-95.62384636],[29.53534499,-95.62381691],[29.53533563,-95.62381513],[29.53532907,-95.62380729],[29.53534151,-95.6237892],[29.53531398,-95.62375627],[29.53521054,-95.62383032],[29.53522621,-95.6238522],[29.53525023,-95.62385896],[29.53526959,-95.62389782],[29.53529126,-95.62388764]],"099c7060-454e-4b2e-8ded-e5073aba1861":[[29.53543456,-95.623698],[29.53541285,-95.6236422],[29.53534241,-95.62367567],[29.53537223,-95.62372862]],"5efb4044-a484-4cdf-9eb1-008c8476a11c":[[29.53540794,-95.62361906],[29.53538318,-95.62358159],[29.53532463,-95.62362458],[29.53533768,-95.62364333],[29.53534552,-95.62365427]],"acad01db-c153-4632-be4c-8f8a45741a4d":[[29.53660721,-95.62316656],[29.53657363,-95.62310222],[29.53655461,-95.62311722],[29.53655137,-95.62311788],[29.53650235,-95.62314909],[29.53654565,-95.62321147]],"057daa75-db33-40a8-aa5b-40492714358d":[[29.53663365,-95.62311765],[29.53666928,-95.62314772],[29.53673615,-95.62309114],[29.53674447,-95.62307755],[29.53673279,-95.6230573],[29.53669648,-95.62299345],[29.53669249,-95.62299181],[29.53666783,-95.62294974],[29.53665585,-95.62294483],[29.53656209,-95.62300379]],"e4b4c8af-ebb6-40fe-b82e-7887a5868c3a":[[29.53581951,-95.62396383],[29.53580576,-95.62394133],[29.53579328,-95.62395208],[29.5357822,-95.6239577],[29.5357852,-95.62396885],[29.53579748,-95.62396843],[29.53580707,-95.6239731]]}