{"1f659c5e-d599-4384-af3e-e72cc280b7cd":[[29.85261285,-95.61662299],[29.85270023,-95.61670328],[29.8527551,-95.61662671]],"947f1e9f-7c1d-4906-9ae9-fa730d7d1800":[[29.85257391,-95.61700261],[29.85257697,-95.61699652],[29.85257842,-95.61694775],[29.85258863,-95.61687677],[29.85254108,-95.61688283],[29.85253512,-95.61693652],[29.85249885,-95.61694119],[29.85249619,-95.61697646],[29.85249452,-95.61700602],[29.85254899,-95.61700196]],"4e1552fb-3dd7-4457-ba10-9b02ac5081e1":[[29.85248686,-95.61697021],[29.85249326,-95.61693741],[29.85250224,-95.61692885],[29.85253215,-95.61692788],[29.85252793,-95.61685328],[29.85252364,-95.61684888],[29.85252873,-95.61678099],[29.85248997,-95.61677139],[29.85244161,-95.61674432],[29.85241884,-95.61675831],[29.85241114,-95.61677662],[29.85241238,-95.61678843],[29.85240053,-95.61679373],[29.85239332,-95.61681206],[29.85238506,-95.6168096],[29.85238463,-95.61680678],[29.85236118,-95.61680561],[29.85233815,-95.6168043],[29.85232509,-95.61684223],[29.85234848,-95.61691144],[29.85239426,-95.61694804],[29.85240352,-95.61694245],[29.85240906,-95.61697058]],"370e20c0-a67c-4fd1-b151-b721d8ceb8bb":[[29.85233376,-95.6170161],[29.85233531,-95.61701222],[29.85234019,-95.61694671],[29.85235232,-95.6169431],[29.85235013,-95.61692606],[29.85231847,-95.61691975],[29.85232007,-95.61684353],[29.85232379,-95.6168038],[29.85233014,-95.61680396],[29.85233053,-95.61675966],[29.85231882,-95.61675879],[29.85231667,-95.61674359],[29.85223983,-95.61674719],[29.85222769,-95.61674295],[29.85222486,-95.61668846],[29.85211871,-95.61669018],[29.85211616,-95.61672041],[29.85213703,-95.61672824],[29.8521326,-95.61682798],[29.85216282,-95.61683326],[29.85217244,-95.61681668],[29.85219046,-95.61681995],[29.85219306,-95.6169109],[29.85216975,-95.616903],[29.85216961,-95.61688504],[29.85213444,-95.61688356],[29.8521287,-95.61700009],[29.85217516,-95.61699986],[29.85217613,-95.61702489],[29.85231007,-95.61702726]],"4e0639a5-7144-4295-a4f4-420291bcbb09":[[29.85202872,-95.61694575],[29.8520354,-95.61685824],[29.85202878,-95.61685863],[29.85202836,-95.61685526],[29.85201733,-95.61684431],[29.8520197,-95.61682362],[29.85203158,-95.61681607],[29.85203106,-95.61676838],[29.85196438,-95.61675515],[29.85196889,-95.61673311],[29.85183495,-95.61672029],[29.85182442,-95.61689261],[29.85193485,-95.61689801],[29.85193414,-95.61694402]],"a18a32f2-6cd4-42e8-88e0-9c87b919de87":[[29.85147403,-95.61691495],[29.85149199,-95.61693288],[29.85151311,-95.61693343],[29.85156939,-95.61693175],[29.85162929,-95.61693646],[29.85167195,-95.61695424],[29.85166505,-95.61698056],[29.85172545,-95.61698762],[29.8517289,-95.616974],[29.85174076,-95.61697888],[29.85175297,-95.61696549],[29.85176285,-95.6169091],[29.85176611,-95.61686533],[29.85175868,-95.61682711],[29.85172965,-95.61680419],[29.85172334,-95.61673875],[29.85172418,-95.61672125],[29.85166094,-95.61671905],[29.85164817,-95.61676478],[29.85161419,-95.61675763],[29.85160475,-95.61672712],[29.85155996,-95.61671892],[29.8515472,-95.6167195],[29.85154313,-95.61680437],[29.85150054,-95.61682336]],"2cf07d9b-d557-44bf-b3ad-181f88a37fb9":[[29.84899769,-95.61669369],[29.8489856,-95.61670069],[29.84890741,-95.6165263],[29.84889058,-95.61652587],[29.84875665,-95.61659786],[29.84881869,-95.61676303],[29.8488687,-95.61673145],[29.84887011,-95.61674062],[29.84888619,-95.61676751],[29.84892255,-95.61674784],[29.84897812,-95.61683768],[29.84904097,-95.61680081]],"099a8acb-7f5a-4e42-92e9-b004764da7f8":[[29.8509452,-95.61688949],[29.85094341,-95.6168872],[29.85095903,-95.6168651],[29.85099365,-95.61683037],[29.85101797,-95.61681801],[29.85105799,-95.61685054],[29.85111184,-95.61680064],[29.85100027,-95.61662578],[29.85097224,-95.6166508],[29.85087594,-95.61672686],[29.85083271,-95.61676852],[29.85084715,-95.61681292],[29.85087531,-95.61687944],[29.85086369,-95.6169029],[29.85088442,-95.61694181]],"be4da085-87e1-4813-b104-8e4db052f71f":[[29.85076198,-95.61697129],[29.85078828,-95.61692994],[29.85079429,-95.61688444],[29.85080699,-95.61682992],[29.85081151,-95.61679628],[29.85078872,-95.61678741],[29.85061915,-95.61674278],[29.85059241,-95.61684625],[29.85053212,-95.61683371],[29.8505152,-95.61692373],[29.85057245,-95.61692888],[29.85057913,-95.61691352],[29.85066697,-95.61694231],[29.85066898,-95.61696155],[29.8507118,-95.61697089],[29.85073026,-95.61696406]],"bcddf75d-0f9b-4b8a-bbbf-0c35f4ee6b19":[[29.85033667,-95.6165636],[29.85034879,-95.61658732],[29.85031811,-95.61660506],[29.85039127,-95.61681519],[29.85041471,-95.6168123],[29.85056026,-95.61675196],[29.85056835,-95.61670319],[29.85055036,-95.61663625],[29.85050451,-95.61660344],[29.85048727,-95.61656753]],"32221890-d3cb-46ed-b24b-d1624d361dba":[[29.85013462,-95.61681353],[29.85015573,-95.6167608],[29.8501446,-95.6167555],[29.8501597,-95.61671806],[29.85021393,-95.61672163],[29.85027649,-95.61661934],[29.85017574,-95.61657028],[29.85015123,-95.61661045],[29.85011863,-95.61658586],[29.85010333,-95.61660193],[29.85010124,-95.61658183],[29.85007704,-95.61657476],[29.85004762,-95.616579],[29.85002278,-95.61660413],[29.85004233,-95.6166254],[29.85002539,-95.61667722],[29.85000647,-95.61666943],[29.84998693,-95.61667339],[29.8499891,-95.61672952],[29.85005957,-95.61677623],[29.85007481,-95.61677214],[29.85008858,-95.6167927]],"4c2f508c-da25-4a19-b92d-49df3d29c5fd":[[29.84996314,-95.61675267],[29.84992738,-95.6167523],[29.84987293,-95.61675011],[29.84977059,-95.61674226],[29.84975568,-95.6168401],[29.84975731,-95.61691468],[29.84973546,-95.61694376],[29.849785,-95.61699714],[29.84981409,-95.61696962],[29.84981123,-95.61698294],[29.84986708,-95.61697994],[29.84990846,-95.61698697],[29.84990813,-95.61700333],[29.84993896,-95.61701902],[29.84998075,-95.61693974],[29.84998219,-95.61687586],[29.84995853,-95.6168826]],"98990549-1f98-4461-8fbc-aadbecb2e70d":[[29.85137548,-95.61688529],[29.85146036,-95.61679225],[29.85142243,-95.61674214],[29.85148512,-95.61665596],[29.85145966,-95.61663148],[29.85148099,-95.61660227],[29.85147,-95.61659317],[29.85130463,-95.61658886],[29.85120139,-95.61670065]],"0409f4f1-390d-4d13-a210-d7626e3f5308":[[29.84960341,-95.61688188],[29.8496228,-95.61681652],[29.84967875,-95.61676501],[29.84964302,-95.61670966],[29.84965258,-95.61669989],[29.84963369,-95.61667649],[29.84966237,-95.61664645],[29.84960455,-95.61657263],[29.84956461,-95.61660381],[29.84953049,-95.61656211],[29.84940332,-95.6166805],[29.84944611,-95.6167575],[29.84947588,-95.61673537],[29.84951858,-95.61678517],[29.8495001,-95.61680402],[29.8495176,-95.61683454],[29.84954564,-95.6168367],[29.8495411,-95.61687668]]}