{"c2159988-6da5-44f8-856f-cf3b2ab85b80":[[29.77325004,-95.6069474],[29.77324703,-95.60688549],[29.77326807,-95.60689088],[29.77326518,-95.60682295],[29.77325692,-95.60681304],[29.77325239,-95.6066142],[29.77310192,-95.60663212],[29.77310212,-95.60694356]],"b8dfe49b-6873-4129-9d06-c220ae9fd511":[[29.77307043,-95.60694274],[29.77306081,-95.60657289],[29.77294876,-95.60657241],[29.7729431,-95.60664497],[29.7727972,-95.60664603],[29.77278493,-95.60683959],[29.77292886,-95.6068312],[29.77293096,-95.60693913]],"091f6c01-d071-4016-94b6-4f183fd8b573":[[29.77251855,-95.60678846],[29.77262635,-95.60678531],[29.77262555,-95.60675999],[29.77263864,-95.60675438],[29.77263931,-95.60665472],[29.77265242,-95.60664762],[29.77264513,-95.60655668],[29.77258923,-95.60656118],[29.7725244,-95.60655801],[29.77251749,-95.60677653]],"9f300af2-5b03-4b44-9f62-9d30d32f5e7a":[[29.7724188,-95.60692585],[29.77242081,-95.60649499],[29.77228321,-95.60649589],[29.7722748,-95.60692212]],"c5ad1a64-b02a-43b6-9fa7-7b23ca417a47":[[29.77215671,-95.606788],[29.77215013,-95.60677297],[29.77213223,-95.60678096],[29.77196088,-95.60678415],[29.77194708,-95.60676674],[29.77190708,-95.60676254],[29.77190926,-95.60673601],[29.7714734,-95.6067456],[29.77147861,-95.60690149],[29.77217069,-95.60691942]],"21ec290d-9d6b-42a0-a842-25e68b9551aa":[[29.77214855,-95.606446],[29.77194772,-95.60646548],[29.77195502,-95.60676758],[29.77195019,-95.60676706],[29.7719618,-95.60678172],[29.77213182,-95.60677856],[29.77214921,-95.60677077],[29.77214245,-95.60675535],[29.77214081,-95.60658631],[29.77216245,-95.60658117]],"3245afce-de2f-42bc-9051-50e7bb9bd593":[[29.76958728,-95.60667354],[29.76970984,-95.60667481],[29.76969794,-95.60660615],[29.76969964,-95.60660429],[29.76971442,-95.60652683],[29.76970783,-95.60652476],[29.76970372,-95.60648098],[29.76957262,-95.60649277]],"d4cc561d-fa35-4e8c-93f0-2812ad4b9243":[[29.76969174,-95.60599649],[29.76973325,-95.60599186],[29.76987703,-95.60600888],[29.76988073,-95.60573745],[29.76981818,-95.60571685],[29.76982322,-95.60564378],[29.76973686,-95.60564069],[29.76974511,-95.60572635],[29.76966906,-95.60571868],[29.76965642,-95.60577152],[29.7696924,-95.60579523],[29.76966871,-95.60598829],[29.76968091,-95.60599875]],"7c78cb78-e0b2-48e8-aa4e-cc35e04ae120":[[29.76952736,-95.60552949],[29.76975352,-95.60553293],[29.76977137,-95.60505599],[29.76951568,-95.60504937],[29.76948553,-95.6055066]],"a8548a2d-30f5-4e49-b3d7-091d4be58a99":[[29.76952497,-95.60479273],[29.76967275,-95.60480383],[29.76967842,-95.6048379],[29.76969518,-95.60484561],[29.76975444,-95.6048423],[29.76976306,-95.60461957],[29.76957711,-95.60461476],[29.76957259,-95.60462918],[29.76953004,-95.60464262]],"5c77a74d-8da1-45b6-af17-a4332fbd2006":[[29.76944839,-95.60452938],[29.76965024,-95.60455122],[29.76963599,-95.60430852],[29.76949907,-95.60428316],[29.76949615,-95.60432428],[29.76945237,-95.60432756]],"9c9d91b3-4987-4d25-a966-8f992f1f052a":[[29.76951212,-95.60415748],[29.7697717,-95.60418117],[29.76977561,-95.60398255],[29.76975068,-95.6039601],[29.76952482,-95.60394213]],"2cb5f22c-8dd3-4d37-a9f4-a700f95dedcd":[[29.76972195,-95.60381901],[29.76986828,-95.60382513],[29.76985735,-95.60365699],[29.7697068,-95.60365892]],"2f692163-9b24-4ed9-928c-3465fc1e8a84":[[29.76946715,-95.60357724],[29.76963281,-95.60357783],[29.7696789,-95.60359231],[29.76970047,-95.60359097],[29.76971156,-95.6035324],[29.76973003,-95.60351958],[29.76972984,-95.60344553],[29.76974824,-95.60343651],[29.7697396,-95.60328628],[29.76972959,-95.60328982],[29.769737,-95.60325014],[29.7697122,-95.6032476],[29.76971486,-95.6031964],[29.76947489,-95.6031846]],"f1bd4258-f705-418c-a188-45e45dcb639f":[[29.76947545,-95.60315616],[29.76963589,-95.60317053],[29.76964416,-95.60269864],[29.76948475,-95.6026843]],"aaf06735-0d6e-4d3d-a596-56481449f97e":[[29.76998259,-95.60296851],[29.77000665,-95.60272784],[29.7699591,-95.60271495],[29.76994378,-95.60266676],[29.76991742,-95.60266258],[29.76990869,-95.60269267],[29.76979762,-95.60270378],[29.76979059,-95.60295772]],"f42b6670-bf08-4be6-8c04-136975d7e8ac":[[29.76994055,-95.60231027],[29.76994125,-95.60217157],[29.76949483,-95.60217272],[29.76949167,-95.60233265],[29.76987957,-95.60235998],[29.7698967,-95.60231613]],"5eb66e86-7d8c-4052-8c0e-5a2ef60fc24f":[[29.76949575,-95.60212584],[29.76954499,-95.60213141],[29.76954011,-95.60196575],[29.76958079,-95.60196564],[29.76958267,-95.60191531],[29.76949994,-95.60191317]],"29e14b26-04a7-4a35-8e2f-176453fe15e0":[[29.77033557,-95.60193478],[29.77034153,-95.60201763],[29.77054522,-95.602021],[29.77055136,-95.60194036]],"bf67b12b-a9d4-4980-aaae-b592ff7a540a":[[29.7707693,-95.601946],[29.77077012,-95.60201933],[29.77080163,-95.60203661],[29.77089458,-95.60204044],[29.77092149,-95.60203685],[29.77092378,-95.60195]],"87d680a4-2bee-42e8-82cc-abbd0f7d8243":[[29.77039521,-95.60264924],[29.77040068,-95.60265486],[29.77040666,-95.60267511],[29.7706187,-95.60267054],[29.77062118,-95.60262585],[29.77062994,-95.60262608],[29.77063385,-95.60254855],[29.7705808,-95.60253165],[29.77058907,-95.60255652],[29.77040767,-95.6025427],[29.77040961,-95.60256558],[29.77032455,-95.60255516],[29.7703189,-95.60263995]],"3cb904db-8dc5-4fec-88a3-966f1c11f22b":[[29.77031744,-95.60307832],[29.77038023,-95.60308634],[29.77058176,-95.60308973],[29.77071174,-95.60308487],[29.77071022,-95.60291952],[29.7706496,-95.60292251],[29.77064985,-95.60290973],[29.77055497,-95.60291276],[29.77046432,-95.60290311],[29.77046602,-95.60289767],[29.77029208,-95.60290961],[29.77028029,-95.60306275]],"e14899cd-58ec-4939-8113-373240758f9b":[[29.77046239,-95.60340939],[29.77047024,-95.60342358],[29.77057595,-95.60342631],[29.77058736,-95.60341495],[29.77061079,-95.60341323],[29.77062834,-95.6033484],[29.7706376,-95.60334281],[29.77064203,-95.60327299],[29.77053728,-95.60327261],[29.77053232,-95.60326665],[29.77045902,-95.60327058],[29.77045682,-95.60327869],[29.77038881,-95.60327226],[29.77037603,-95.60340482]],"94e78701-a6fa-4da8-8de6-2f4b97e8b322":[[29.77104282,-95.60257504],[29.77103491,-95.6025721],[29.77103531,-95.60255201],[29.77105558,-95.60253427],[29.77107543,-95.60253752],[29.77109035,-95.6024274],[29.77099376,-95.60239567],[29.77098262,-95.60247576],[29.77092543,-95.60246697],[29.7709251,-95.6024834],[29.77092319,-95.60253998],[29.77093264,-95.6025457],[29.77094911,-95.60255892],[29.77097084,-95.60258871],[29.77096927,-95.60262794],[29.77095415,-95.60262664],[29.7709559,-95.60269975],[29.77097017,-95.60270377],[29.7709707,-95.60275767],[29.77104468,-95.60276415],[29.77106001,-95.6027545],[29.77108064,-95.60275869],[29.77108967,-95.60258356]],"7624bd2b-2371-4a60-8a77-ed9fc793034d":[[29.77060643,-95.60589188],[29.77074042,-95.60590105],[29.77074842,-95.60574746],[29.77062763,-95.60574053],[29.77061716,-95.6056833],[29.77046032,-95.60565645],[29.77041498,-95.60568755],[29.77039349,-95.6056851],[29.77038242,-95.60591077],[29.7704088,-95.60591714],[29.77044651,-95.60593711],[29.77059232,-95.60593519],[29.77060064,-95.60593351]],"8a6d57f9-0a5f-4ce4-ab30-cef71e935c91":[[29.77113339,-95.60419382],[29.77028375,-95.60418512],[29.77028713,-95.60443394],[29.77110167,-95.60444364],[29.77113093,-95.60439983]],"6a811d33-46ae-408e-8128-69db480ff486":[[29.77132225,-95.60478164],[29.77131622,-95.60441501],[29.77113089,-95.60440452],[29.77113089,-95.60440388],[29.77110177,-95.60444746],[29.77106691,-95.60513007],[29.77123432,-95.60512183],[29.77139838,-95.60512038],[29.77153363,-95.60512206],[29.77153783,-95.60510622],[29.77154452,-95.6047665]],"9ae186e4-0964-4339-976c-0856f1768edd":[[29.77158366,-95.60513399],[29.77154671,-95.60515961],[29.7715253,-95.60515336],[29.77153299,-95.60512446],[29.77139837,-95.6051228],[29.77123437,-95.60512425],[29.77106687,-95.60513248],[29.77105303,-95.60591773],[29.77148053,-95.60591172],[29.77148924,-95.60572207],[29.77152273,-95.60570394],[29.77153269,-95.60528267],[29.77159723,-95.60528624]],