{"fcac2cdb-3468-4a01-8bb2-f43f02273325":[[29.83567105,-95.64839982],[29.83567155,-95.64788476],[29.83485287,-95.64786452],[29.83485127,-95.64804976],[29.83456336,-95.64805869],[29.83456967,-95.64759407],[29.83462096,-95.64759233],[29.83462742,-95.64712032],[29.83469953,-95.64712187],[29.83469855,-95.64654788],[29.83461775,-95.64654171],[29.83462109,-95.6464193],[29.83470107,-95.64642188],[29.83471232,-95.64599522],[29.8341708,-95.64596238],[29.83416162,-95.64641176],[29.83422951,-95.64641802],[29.83423421,-95.64653813],[29.8341644,-95.646537],[29.83416278,-95.64706079],[29.83423475,-95.64707785],[29.83424093,-95.64806541],[29.8344574,-95.64807571],[29.83445405,-95.64812375],[29.83437059,-95.64811947],[29.83436355,-95.64850226],[29.8349337,-95.64852022],[29.83492885,-95.6483889]],"db314ec6-829e-4305-98df-cca0dc415b5a":[[29.83551826,-95.64474992],[29.83552772,-95.64525446],[29.83571821,-95.64525188],[29.83571838,-95.6447552]],"ed68c032-ab7f-4ea0-b412-3d3c22cba515":[[29.83565591,-95.64612965],[29.83566365,-95.64582595],[29.83557585,-95.64582744],[29.8355718,-95.64594699],[29.83548073,-95.64594649],[29.83547291,-95.64592349],[29.8354183,-95.64592205],[29.83540768,-95.6461212],[29.83547054,-95.64612476],[29.83547259,-95.64602225],[29.83557216,-95.64601158],[29.83557131,-95.64613691]],"4d0c2ba8-1193-4add-9c80-0f7036fd6449":[[29.8356679,-95.64728664],[29.83566708,-95.64647125],[29.83523073,-95.64646574],[29.83519236,-95.6464652],[29.83518874,-95.64727303],[29.83522081,-95.64728399]],"a1efb4ac-6c32-477a-a4b0-d251f3fbd0bc":[[29.83453604,-95.64527028],[29.83454833,-95.64517661],[29.8345298,-95.64512345],[29.83436384,-95.64511414],[29.83436093,-95.64525947]],"83ab9804-6b1e-417f-baff-76d3a71a3cdb":[[29.83440172,-95.64472049],[29.83439941,-95.64484039],[29.83437476,-95.64484085],[29.83437332,-95.64491299],[29.83439952,-95.64491733],[29.83440306,-95.64494937],[29.83454249,-95.64494869],[29.83454177,-95.64472418]],"6df72e35-345e-47c8-aff1-9e460dd8fe18":[[29.8343079,-95.64527475],[29.83431435,-95.64495316],[29.83417852,-95.64493866],[29.8341758,-95.64527126]],"79f47ab1-cc7a-4878-9856-21812497e38f":[[29.83410394,-95.64529601],[29.83410533,-95.64508681],[29.83378814,-95.64507112],[29.8337817,-95.64525477],[29.83379254,-95.64535587],[29.83384119,-95.64535096],[29.83385591,-95.64528947],[29.83395303,-95.64528894],[29.83396294,-95.64533252],[29.83400871,-95.64533682],[29.83401767,-95.64529397]],"ace1827e-1dde-4f38-8fe1-8cbef04fd36b":[[29.83412557,-95.64502433],[29.8341318,-95.64484814],[29.83378315,-95.64483782],[29.83378294,-95.64502732],[29.83394058,-95.64503127],[29.83393818,-95.64506384],[29.83402083,-95.64506601],[29.83406016,-95.64506302],[29.83406257,-95.64503002]],"f86a1404-5840-42b5-acd7-8078e0a16b51":[[29.83241542,-95.64662406],[29.83271053,-95.64663845],[29.83270617,-95.64589695],[29.83251314,-95.64588178],[29.83250118,-95.64596086],[29.83250541,-95.64632138],[29.83246314,-95.64632974],[29.83245057,-95.64637879],[29.83242035,-95.646378]],"17966606-afc1-4a33-9002-c0c647d15a72":[[29.83364592,-95.64781809],[29.83364,-95.64716468],[29.83343107,-95.64714947],[29.8334325,-95.64781613]],"505b8751-f393-4ac3-877d-8d67cbaf334c":[[29.83373404,-95.64700717],[29.8337273,-95.64671125],[29.83364266,-95.64671629],[29.83365098,-95.6470019]],"2630eb5e-6fa7-475b-9e4a-b6927c4c84da":[[29.83372774,-95.64664359],[29.83372509,-95.64629425],[29.83347991,-95.64629506],[29.83346738,-95.64664065]],"5659257c-6e84-4b64-8647-88e6c47d4179":[[29.83342333,-95.64664158],[29.83342239,-95.64616684],[29.83284435,-95.64615952],[29.83284233,-95.64663078]],"fc4f2117-8e2d-4cfc-aea4-978c6b8e0ecb":[[29.8336073,-95.64700382],[29.83360632,-95.64671396],[29.83348151,-95.64670971],[29.83347778,-95.64701075]],"fb46014f-a144-4b89-8a86-f03e878cd7cc":[[29.83340432,-95.64701669],[29.83340445,-95.64671381],[29.83283626,-95.64670544],[29.83283289,-95.64701491]],"589efe48-46f3-4533-85de-821036e0f2a4":[[29.83330874,-95.64781496],[29.83330525,-95.64714582],[29.83305388,-95.64713919],[29.83305304,-95.64781306]],"73241373-6f08-4cae-82bf-f0bb86cdb558":[[29.83291916,-95.64780743],[29.83292314,-95.64710678],[29.8327895,-95.64708999],[29.83278164,-95.64781107]],"e748fefa-24a6-47ee-b4af-c1636cefae1c":[[29.83377116,-95.64622095],[29.83377384,-95.64611024],[29.83358535,-95.64610697],[29.83360518,-95.64606628],[29.83351848,-95.64606884],[29.8335093,-95.64610496],[29.83349024,-95.64610688],[29.83349633,-95.64622497]],"c735ff39-ffee-46da-a2c1-1b9a54c8dc73":[[29.8335994,-95.64534019],[29.83360254,-95.6450384],[29.83344707,-95.64503062],[29.83344117,-95.64533682]],"df7d803c-c25e-44df-81b8-c779cb0afd74":[[29.83333108,-95.64529547],[29.83333048,-95.6452203],[29.83319749,-95.64521195],[29.83320784,-95.64511768],[29.83312679,-95.64515433],[29.83313815,-95.64522008],[29.83309413,-95.64520195],[29.83310285,-95.6452943]],"87e881a0-dc11-4db9-9d5b-4d549525ea0f":[[29.83332059,-95.64518611],[29.83336136,-95.64515567],[29.83331576,-95.64511083],[29.83328325,-95.64515119]],"bb36c61c-6d0c-4531-a33e-7d8d9057841e":[[29.83308437,-95.64526715],[29.8330588,-95.64517193],[29.8329947,-95.64520661],[29.83302892,-95.64529235]],"98a71668-c672-41e2-b118-e69dbb005b17":[[29.83405912,-95.64587946],[29.8340739,-95.64587985],[29.83407301,-95.64581922],[29.83402462,-95.64580825],[29.83402321,-95.64587851]],"465ba531-c46e-4c27-8ad6-9691cae2c76f":[[29.83335613,-95.64610138],[29.83335601,-95.64600199],[29.83329917,-95.6459908],[29.83329592,-95.64594223],[29.83323895,-95.64592861],[29.83323842,-95.6458583],[29.83276913,-95.64586289],[29.83276837,-95.6460978]],"c862c4c2-2d5d-4c38-ab25-138eb8677ff5":[[29.83514769,-95.64591617],[29.8351591,-95.6458424],[29.83508974,-95.64583297],[29.83509465,-95.64591857]],"2fce5b96-3818-4840-aa06-cb5664f60452":[[29.8328097,-95.64540108],[29.83281503,-95.64533825],[29.83276517,-95.64534044],[29.83276396,-95.64540104]],"8a770769-612e-4151-80f0-59418177a64e":[[29.83479527,-95.64529818],[29.83478946,-95.64500299],[29.83466493,-95.64499428],[29.83466754,-95.64529719]],"3403c3f2-a26e-45c3-8504-c84c486d009a":[[29.83509785,-95.64521391],[29.83510376,-95.64491905],[29.83498336,-95.64491134],[29.83497276,-95.64521644]],"2ba96ce4-e0f9-4711-b740-cfe14b68382e":[[29.83648283,-95.64507467],[29.83647434,-95.64498069],[29.83624492,-95.64496869],[29.83625073,-95.64506706]],"6dff8f9e-02c4-4f4c-b310-e9418d9363a5":[[29.8357092,-95.64628913],[29.83571046,-95.64622612],[29.83566762,-95.64621768],[29.83559924,-95.64621131],[29.83560017,-95.64628442],[29.83562378,-95.64629875],[29.83564764,-95.64630029],[29.83565036,-95.64628392]],"fcc56b99-9ad5-41c8-ba6f-18a7430ff4ab":[[29.83666451,-95.64956293],[29.83665684,-95.64956344],[29.83665466,-95.64957841],[29.83664389,-95.64958672],[29.83662845,-95.64957844],[29.83659685,-95.64956687],[29.83657609,-95.64957491],[29.83657059,-95.64956904],[29.83651763,-95.64956477],[29.83651282,-95.64958684],[29.8364546,-95.64958919],[29.83645129,-95.64971308],[29.83666139,-95.64971863]],"1dce99d3-96b9-4672-a60d-813f8a919e0b":[[29.83644885,-95.64971302],[29.83644765,-95.64958173],[29.83645995,-95.64957986],[29.83646419,-95.64957865],[29.83646385,-95.64951931],[29.83645782,-95.64951432],[29.83644861,-95.64951496],[29.83644545,-95.64950037],[29.8364376,-95.64949049],[29.83639514,-95.64948718],[29.83639465,-95.64947354],[29.83633949,-95.64947252],[29.83633948,-95.64949175],[29.83627939,-95.6494884],[29.83626449,-95.64950515],[29.83625832,-95.64958365],[29.83626879,-95.64959667],[29.8362795,-95.6495974],[29.83627922,-95.64968748],[29.83626679,-95.64969594],[29.83626425,-95.64970814]],