{"4d1259b8-3c6d-44d7-a160-ab56a01e500f":[[29.49962501,-95.56427745],[29.49969003,-95.56411475],[29.49962872,-95.56408534],[29.49956246,-95.56424729]],"29d1f9e9-0610-4843-bd94-55b72942836f":[[29.5003581,-95.56241164],[29.50039295,-95.56241515],[29.50038573,-95.56245137],[29.50044754,-95.56244942],[29.50044649,-95.562345],[29.50035975,-95.56234588]]}