{"ae23256c-5758-499a-a53f-4c2a7ce814f7":[[29.49401702,-95.57705337],[29.49401621,-95.57706212],[29.49403151,-95.5770647],[29.49403103,-95.57705664],[29.49405276,-95.57705719],[29.49405995,-95.57698283],[29.49402619,-95.57697612]],"11ba5554-4765-422d-b7d2-ea47d2bf7ee1":[[29.49385846,-95.57701192],[29.49385889,-95.57699683],[29.49385385,-95.57699605],[29.49385437,-95.57697646],[29.4938372,-95.57697715],[29.49383721,-95.57699113],[29.49383398,-95.57699121],[29.49383426,-95.57701291]],"f5f67e3f-8217-4874-9d93-1fec03de3560":[[29.49364663,-95.57704657],[29.49364712,-95.57700942],[29.49354253,-95.57700625],[29.49354268,-95.577034],[29.49355114,-95.57703447],[29.49355116,-95.57704573],[29.49357886,-95.57704617],[29.49357846,-95.57704302]]}