{"c9d42682-da62-47a6-ba3b-cf3f09066956":[[29.72956372,-95.67395393],[29.72956352,-95.67381697],[29.72954416,-95.67378328],[29.72940846,-95.67377355],[29.72941685,-95.67384776],[29.72939185,-95.6738471],[29.7293915,-95.67383576],[29.72937235,-95.67383325],[29.72936626,-95.67384708],[29.72930968,-95.6738593],[29.72930965,-95.67393153]],"e28fabfb-59ca-443e-a7ec-96f372e76687":[[29.72952271,-95.67374919],[29.72952346,-95.67371178],[29.72940484,-95.67370353],[29.72940417,-95.67373669]],"b31ae7a4-db9e-4b9f-8bff-314da67073f9":[[29.7295215,-95.67369897],[29.72952519,-95.67366334],[29.7294161,-95.67366044],[29.72941764,-95.67369451]],"a60f1008-d945-4651-85eb-b841d5c961f4":[[29.72807574,-95.67209214],[29.72815235,-95.67198978],[29.72806001,-95.67188674],[29.72796522,-95.67198672]]}