{"c0d3a502-02f1-4513-9da0-2ce8ddaa42af":[[29.47119367,-95.59933799],[29.47120728,-95.59910668],[29.47090109,-95.59908253],[29.47089487,-95.59920117],[29.4708379,-95.59919081],[29.47083645,-95.59926502],[29.4708882,-95.59927674],[29.47088201,-95.59932707]],"eac7ea97-c9b7-467d-a62b-cb74f68fc088":[[29.47105342,-95.59950546],[29.47104655,-95.59944013],[29.47086116,-95.5994447],[29.47086608,-95.59950533]],"68e5e42d-a58c-420c-b116-f53eea7d0f61":[[29.47097417,-95.5998618],[29.47104244,-95.59985889],[29.47104204,-95.59982746],[29.47106447,-95.59982571],[29.47106893,-95.59975369],[29.47105451,-95.59965791],[29.47095983,-95.59965782],[29.47095813,-95.59969268],[29.47087556,-95.59969755],[29.47086895,-95.5998277],[29.47097189,-95.59982218]],"4b92289f-383d-443b-8747-6c5a4f59a88a":[[29.47015447,-95.60034801],[29.47041704,-95.60034262],[29.47041926,-95.60022899],[29.47038743,-95.60023301],[29.47038144,-95.59999823],[29.4701743,-95.59998327],[29.47015099,-95.60030922]],"ba98056f-4a9d-4d91-86b6-f35e7940a43f":[[29.47096208,-95.59685707],[29.47098838,-95.59659408],[29.47086394,-95.59657156],[29.47084178,-95.59683949]]}