{"6d6d6be7-3ecd-4c72-a83d-c45fb3153908":[[29.78723509,-95.57720873],[29.78677935,-95.57719903],[29.78677188,-95.5774581],[29.78723021,-95.57745899]],"686941d0-5221-45f8-940a-036149874359":[[29.78724359,-95.57677274],[29.78678658,-95.57676665],[29.78677113,-95.57700056],[29.78723907,-95.57700477]],"ffd4a4da-e3bd-4b8e-8e61-b4b73182818c":[[29.78658718,-95.57762057],[29.78659399,-95.57663863],[29.78628681,-95.57663961],[29.78628789,-95.5776129]],"c4d4bf2c-87b9-4521-81bf-155fdfa3e56d":[[29.78400773,-95.57737973],[29.78398331,-95.5773757],[29.78397968,-95.57733305],[29.78400485,-95.5773371],[29.78399849,-95.57716842],[29.78396984,-95.57715236],[29.78397366,-95.57710905],[29.78400184,-95.57711063],[29.7840073,-95.5769831],[29.7839888,-95.57694177],[29.78396665,-95.57693524],[29.78396246,-95.57684577],[29.78398922,-95.5768439],[29.78397984,-95.57667769],[29.78394248,-95.57665205],[29.78394143,-95.57659159],[29.78395777,-95.57659116],[29.78395376,-95.57649233],[29.78391156,-95.57648614],[29.78391152,-95.57641209],[29.78393906,-95.57640854],[29.78393737,-95.57634296],[29.78395379,-95.57633828],[29.78395821,-95.57622604],[29.78395695,-95.57598599],[29.78393743,-95.5759208],[29.78389288,-95.57588307],[29.78379686,-95.57585762],[29.78372226,-95.57585741],[29.78367046,-95.57612439],[29.78366226,-95.57619216],[29.7836695,-95.57632841],[29.78365636,-95.57634058],[29.78365454,-95.57643428],[29.78366729,-95.57643914],[29.78366385,-95.57661566],[29.7834048,-95.57661359],[29.78339649,-95.57612252],[29.7836352,-95.57612525],[29.78368863,-95.57585665],[29.78353776,-95.57585695],[29.78327178,-95.57588552],[29.78316931,-95.57583689],[29.78307297,-95.57586981],[29.78305695,-95.5759791],[29.7831245,-95.57615601],[29.78312833,-95.57659315],[29.78308633,-95.57660977],[29.78300974,-95.57657949],[29.78293729,-95.57660603],[29.78291935,-95.57752655],[29.78306383,-95.57753025],[29.78305961,-95.57750392],[29.78305858,-95.5774887],[29.78311736,-95.57748442],[29.78311624,-95.57750586],[29.78310715,-95.57750424],[29.78310631,-95.57751606],[29.78309399,-95.57751362],[29.78308939,-95.5775309],[29.78350595,-95.57754158],[29.78351149,-95.57746715],[29.78351475,-95.5774165],[29.783509,-95.57719334],[29.78352062,-95.57717919],[29.7835065,-95.57693497],[29.78349858,-95.57688029],[29.78354338,-95.57686344],[29.78355083,-95.57687536],[29.78360079,-95.57687093],[29.78368485,-95.57686288],[29.78369753,-95.57688578],[29.78371537,-95.57733051],[29.78372803,-95.57740596],[29.78355052,-95.57740432],[29.78353453,-95.57741014],[29.78352085,-95.57754196],[29.78400501,-95.57755438],[29.78398321,-95.57749486],[29.78401284,-95.57749817]],"1fb8ae5d-093f-4a92-9a24-0084ac5f3615":[[29.7836352,-95.57612525],[29.78367046,-95.57612439],[29.78372226,-95.57585741],[29.78368863,-95.57585665]],"f1cfc3ae-fed4-4e2c-b967-702a80c05b63":[[29.78353453,-95.57741014],[29.78351475,-95.5774165],[29.78351149,-95.57746715],[29.78350595,-95.57754158],[29.78352085,-95.57754196]],"0dc13b9c-fd35-4767-bbf7-5059d3d4eda4":[[29.7829642,-95.57522516],[29.78305489,-95.5752263],[29.78305632,-95.57520367],[29.78306526,-95.57520163],[29.78306299,-95.57506444],[29.78296731,-95.57506525]],"877a5c41-b890-4dc9-9ebb-cc008a1886a6":[[29.78359451,-95.57527755],[29.78360452,-95.57521706],[29.7835911,-95.57512848],[29.78331131,-95.57511264],[29.78331566,-95.57527764]],"bf5f6c47-6a1e-40ca-9302-6999f47c5b1a":[[29.78361774,-95.57500274],[29.78361082,-95.57486226],[29.7836228,-95.57482565],[29.78361437,-95.57476267],[29.78359677,-95.57475668],[29.78359935,-95.5747069],[29.78342549,-95.57470429],[29.78342614,-95.57500152]],"5a48a9cc-ed58-4512-a53c-6853dd3c3463":[[29.78337857,-95.57500191],[29.78337025,-95.57485032],[29.78329782,-95.57484846],[29.78328684,-95.57491649],[29.78320475,-95.57491438],[29.78319267,-95.57487346],[29.78314449,-95.57486669],[29.78313701,-95.57492003],[29.78318351,-95.57493045],[29.78317899,-95.57499679]],"51d13498-d84b-4e29-8e19-a0224ae8ca51":[[29.78388356,-95.57511496],[29.7838935,-95.57470997],[29.78388251,-95.57464136],[29.78375935,-95.5746335],[29.78374793,-95.57511384],[29.78380633,-95.57511645]],"b95732fe-b343-4b8f-bc21-57277218df8b":[[29.78378094,-95.57415159],[29.78378076,-95.57429044],[29.7838578,-95.57428662],[29.78386602,-95.57418848],[29.78395948,-95.57418364],[29.78396134,-95.57408822],[29.78386423,-95.57408574],[29.7838622,-95.57399601],[29.78370565,-95.57400068],[29.78371349,-95.57411659],[29.78383111,-95.57410225],[29.7838302,-95.57414851]],"05f5909c-d394-4491-b239-98a747c46dc1":[[29.78363196,-95.57429627],[29.78366262,-95.57420383],[29.78363763,-95.57414005],[29.78363927,-95.57405589],[29.78333515,-95.57404811],[29.78334423,-95.57412051],[29.78336782,-95.57412111],[29.78337283,-95.57413327],[29.78334012,-95.57414655],[29.78334375,-95.57419871],[29.7833385,-95.57427973]],"f896a42b-0846-4706-9a37-a203490dc68b":[[29.78331549,-95.57427911],[29.78332252,-95.57417407],[29.78331153,-95.57414182],[29.78327306,-95.57412841],[29.78327666,-95.57410275],[29.7832906,-95.5741031],[29.78329587,-95.57403131],[29.783017,-95.57402678],[29.78301449,-95.57410492],[29.78305412,-95.57410027],[29.7830487,-95.57412506],[29.78300713,-95.57412739],[29.7830143,-95.57426697],[29.78331476,-95.57428133]],"5a7df127-9498-48d9-b58b-c28768a155e7":[[29.78373533,-95.57311891],[29.78371037,-95.5731715],[29.78374611,-95.57323603],[29.78386936,-95.57323918],[29.78393373,-95.57320549],[29.78393282,-95.57314657],[29.78388243,-95.5730958],[29.78380049,-95.57308192],[29.78377078,-95.57302462],[29.78378342,-95.57300845],[29.78384514,-95.57300532],[29.78384146,-95.57277197],[29.78383686,-95.57269175],[29.78359428,-95.57269497],[29.78359745,-95.57295421],[29.78367561,-95.5729515],[29.78366661,-95.57299132],[29.78366756,-95.57304789],[29.78370732,-95.57311723]],"b89270d5-9ed2-4a0e-b916-1a21fd5bf05d":[[29.78322751,-95.57330316],[29.78322605,-95.57331324],[29.78335712,-95.57332094],[29.78339414,-95.57329874],[29.78340177,-95.57323096],[29.78333134,-95.57321903],[29.78332462,-95.57317547],[29.78321746,-95.57317128]],"158ff6e6-777b-4b72-bfff-33532cb676f8":[[29.78320755,-95.57259607],[29.78319931,-95.57274268],[29.78324454,-95.57275251],[29.78324658,-95.57277715],[29.78320872,-95.57277763],[29.78320037,-95.57281792],[29.78317688,-95.57285782],[29.78317247,-95.57295461],[29.7833876,-95.5729561],[29.78338516,-95.57286216],[29.7833892,-95.57277502],[29.78328458,-95.57276945],[29.78328484,-95.57275644],[29.78335821,-95.57274674],[29.78334624,-95.57259961]],"89dcf18f-6fc1-47ab-afca-0421de98153b":[[29.78651888,-95.57287668],[29.78534851,-95.57285919],[29.78532924,-95.57297136],[29.78531612,-95.57320613],[29.78534165,-95.57321168],[29.78534478,-95.57327054],[29.78541575,-95.57335563],[29.78547382,-95.57335422],[29.78548484,-95.57324168],[29.78551338,-95.57320191],[29.78550369,-95.57337523],[29.7864426,-95.57338414],[29.78645291,-95.57320987],[29.78653553,-95.57320306],[29.78654343,-95.57305139],[29.78652085,-95.57289101]],"bf716370-a3f2-452d-9812-ba3ffe16ece5":[[29.78603764,-95.57266848],[29.78604057,-95.57282],[29.78649058,-95.57282445],[29.78649339,-95.57268014]],"f1aa7eef-5445-409a-aa29-d819b7c3c0e5":[[29.78615912,-95.57418367],[29.78616782,-95.57401725],[29.78615905,-95.57396815],[29.78530029,-95.57396576],[29.78527457,-95.57397],[29.7852663,-95.57417551]],"0748b558-b61f-416f-a413-3c8be01b8458":[[29.78682527,-95.57430929],[29.78683275,-95.5740359],[29.78623285,-95.57402048],[29.78622723,-95.57430901]],"51f66783-6bb7-45ed-bba6-e8efd9830f04":[[29.7861507,-95.57436328],[29.78615148,-95.5743333],[29.78615127,-95.5742613],[29.78554934,-95.57426368],[29.78555015,-95.57435692]],"79346161-20b6-44e9-85cc-f7f2dccdc49a":[[29.78529207,-95.57439067],[29.78532093,-95.57439695],[29.78549326,-95.57439583],[29.78549548,-95.57428143],[29.78532173,-95.57427329],[29.78530348,-95.57430051]],"59b89012-7d05-4a4a-84d2-0fedf2e8c0a9":[[29.78532275,-95.57480813],[29.78532141,-95.57498244],[29.78532571,-95.57498853],[29.78541546,-95.57498985],[29.78542182,-95.57480837]],