{"9a01765e-71ca-4159-96d3-2257e9b78c11":[[29.98259276,-95.64391814],[29.98255634,-95.64384848],[29.98245552,-95.6439145]],"c57d0244-edf6-4306-9384-ed5b0c378e1e":[[29.98244208,-95.64387553],[29.98245788,-95.64387893],[29.98253907,-95.64380741],[29.9824469,-95.64363499]],"90ae8a74-7fe1-4dd1-bbea-fb118fdfe8a6":[[29.98246468,-95.6427493],[29.98252368,-95.64270599],[29.98246728,-95.64262001]],"7117594e-5dcb-4a1e-8670-f3db52e53f10":[[29.98246011,-95.642977],[29.98258423,-95.64291],[29.98251635,-95.6427578],[29.98246396,-95.64278542]],"6f7a2baa-bc6c-4067-8dc8-3a25dc4328dc":[[29.98245573,-95.64319516],[29.98246917,-95.64319408],[29.98265573,-95.64307529],[29.98258339,-95.64291817],[29.98245996,-95.64298463]],"cb7e31ac-74f1-4092-b27e-ce14c140a60f":[[29.98253502,-95.64338563],[29.98274113,-95.64323525],[29.98266099,-95.6430905],[29.98247813,-95.64322922],[29.98249725,-95.64325995],[29.98251459,-95.64329725],[29.98249204,-95.6433146]],"7d1fed8c-b249-4293-b8f0-cf3fb978dcda":[[29.98260469,-95.64356032],[29.98282095,-95.64339604],[29.9827402,-95.64324337],[29.9825661,-95.64336703],[29.98260686,-95.64342573],[29.9825558,-95.64347065]],"ac474519-0946-48a6-a39b-42fec0625f8e":[[29.98272484,-95.64369237],[29.98293506,-95.6435421],[29.98285433,-95.643386],[29.98269243,-95.6435045],[29.98270113,-95.64352173],[29.98266008,-95.64355937],[29.98269279,-95.64360935],[29.98267764,-95.64362689]],"91d0fb68-d2aa-4c83-b005-24fdf0c2e15a":[[29.9828762,-95.64381161],[29.98301325,-95.6437019],[29.98292572,-95.64355696],[29.98288484,-95.6435861],[29.98289199,-95.64359857],[29.98285939,-95.6436251],[29.9828415,-95.64361518],[29.98277376,-95.64367194],[29.98272212,-95.64370458],[29.98280104,-95.64382851],[29.98283851,-95.64380495],[29.98285615,-95.64382714]],"2ad05b12-6959-43a7-92a9-82baf0ea35e2":[[29.98300622,-95.6439291],[29.983113,-95.64385284],[29.98302961,-95.64370612],[29.98284429,-95.64384477],[29.98287942,-95.6438967],[29.98289856,-95.64392625]],"522935c7-6e2e-42e7-8d85-742a6b40648a":[[29.98316344,-95.64393327],[29.98311293,-95.64386863],[29.98303852,-95.64392996]],"11b6dbf3-9de6-4c90-afc3-0a83045a3b1b":[[29.9858266,-95.63963272],[29.98590101,-95.63954411],[29.98587848,-95.63951444],[29.98588127,-95.63937566],[29.98583276,-95.63937532],[29.98583478,-95.63931587],[29.98581429,-95.6393125],[29.98577484,-95.63931145],[29.98577204,-95.63932838],[29.9857287,-95.63933098],[29.98572816,-95.63934328],[29.98558299,-95.63936588],[29.98557644,-95.63948755],[29.98567618,-95.63955725],[29.9857272,-95.63955483],[29.98575006,-95.63956299]],"b7f3b801-5be8-4f09-9f2a-de929db389ca":[[29.98596132,-95.63949268],[29.98607914,-95.63945856],[29.98607533,-95.63942486],[29.98616959,-95.63939902],[29.98616752,-95.63937912],[29.98619402,-95.63936944],[29.98616297,-95.63921608],[29.98596109,-95.63925843],[29.98596547,-95.63928594],[29.98595463,-95.6392932],[29.98596672,-95.63935083],[29.98593107,-95.63936122]],"0a62235d-0fa5-4cd2-a840-62d554bcb76c":[[29.98630817,-95.63939742],[29.98640353,-95.63935744],[29.98640647,-95.6393339],[29.98647941,-95.63930467],[29.98645568,-95.63921714],[29.98643831,-95.63922235],[29.98642155,-95.63915579],[29.98632558,-95.63918536],[29.98631588,-95.63913599],[29.98623399,-95.63916027],[29.98624593,-95.63922103],[29.9862079,-95.63923136],[29.98623466,-95.63937281]],"8d3f3d8c-f24b-4d26-9ed5-323e9989101c":[[29.98676885,-95.63908648],[29.98681564,-95.63914573],[29.98684234,-95.63911719],[29.98684292,-95.63908844]],"212237e1-ac75-4681-a68f-adeaaa4827ea":[[29.9866015,-95.63908205],[29.98658772,-95.63911231],[29.98657037,-95.63911657],[29.98656822,-95.63914202],[29.98655734,-95.63915117],[29.98654649,-95.63915939],[29.98654779,-95.63917642],[29.98653029,-95.63918824],[29.98650306,-95.63919319],[29.98652743,-95.63924861],[29.98654053,-95.63925179],[29.98657628,-95.63923196],[29.98659175,-95.63928054],[29.98666393,-95.63924845],[29.98669018,-95.63929259],[29.98677277,-95.63923338],[29.9867093,-95.6390849]]}