{"aabc7dff-0234-4b90-b208-6bd6079992e6":[[29.54014116,-95.6582914],[29.54010745,-95.65829972],[29.54009514,-95.65824416],[29.54012486,-95.65823419],[29.54012024,-95.65819724],[29.54016605,-95.6581877],[29.54016904,-95.65817243],[29.54022165,-95.65815846],[29.54019826,-95.6580535],[29.54005529,-95.65808966],[29.54003168,-95.65799543],[29.53996426,-95.65801208],[29.53997541,-95.65805841],[29.53995654,-95.65806252],[29.54000223,-95.65826014],[29.5400236,-95.6582653],[29.54003615,-95.6583086],[29.54001722,-95.65831578],[29.54003696,-95.65840223],[29.54015972,-95.65837015]],"e33aadac-b5ec-45f4-95a9-c2f15e7e02b2":[[29.5403026,-95.65808253],[29.54029112,-95.6580389],[29.54022567,-95.65805697],[29.54023712,-95.65810249]],"3f4c0014-6aff-4567-a487-dc8d1bd85122":[[29.54041633,-95.65787541],[29.54030774,-95.65790931],[29.54034724,-95.65807615],[29.5404127,-95.65805714],[29.54039983,-95.65800028],[29.54044124,-95.65798911]],"344f3d3d-d969-4299-b999-d2adacb4bdbb":[[29.541045,-95.65459001],[29.54096371,-95.65429325],[29.54087205,-95.65431387],[29.54089907,-95.65443888],[29.54092068,-95.65443177],[29.540968,-95.65461562]],"f543b8d5-76a4-4b27-9b10-21286c186397":[[29.54168105,-95.65512783],[29.5416523,-95.65520802],[29.541595,-95.65537149],[29.54171951,-95.65541887],[29.54174961,-95.65532298],[29.54179475,-95.65534718],[29.5418407,-95.65519645]],"a528ee15-8186-4626-a9ed-4ac156af4b0c":[[29.54162563,-95.65512137],[29.54160507,-95.65518589],[29.54165122,-95.65520435],[29.54167107,-95.65514219]],"49944c67-9f4b-4001-8816-c3400ffbe28a":[[29.54170222,-95.65503628],[29.54174198,-95.65504914],[29.54175309,-95.6550103],[29.54171535,-95.65499308]],"71be4d7c-7cc9-427f-a127-e1f4e048448b":[[29.5414622,-95.65494603],[29.54141939,-95.65492679],[29.54140807,-95.65496547],[29.54145157,-95.65498201]],"372f3658-230b-4e24-b9f9-6b5692e92c17":[[29.5410949,-95.65630515],[29.54109482,-95.65630892],[29.5411661,-95.65632868],[29.54119106,-95.65623418],[29.54135075,-95.6562817],[29.54136876,-95.65620492],[29.54136307,-95.656201],[29.54136674,-95.65618225],[29.54121776,-95.65613502],[29.54126632,-95.65593091],[29.54122873,-95.6559158],[29.54120586,-95.65590578],[29.54118451,-95.65590239],[29.54115826,-95.655897],[29.5411213,-95.65605619],[29.54115242,-95.65606548]],"e7ea7638-814e-4012-b0fb-3dbad2df76d7":[[29.54191844,-95.65510201],[29.5419282,-95.6550661],[29.54189229,-95.65505409],[29.54188249,-95.65509222]],"eab00c96-a384-4cd9-8eea-d7f78de485e3":[[29.54247006,-95.65607873],[29.54248691,-95.65602506],[29.54244528,-95.65600353],[29.54242301,-95.65606548]]}