{"2701ca99-a50f-48f5-a7e0-f98ab2ccf9ee":[[29.47269268,-95.56318071],[29.47270086,-95.56316997],[29.47270203,-95.56315086],[29.47269435,-95.56313516],[29.47268083,-95.563133],[29.47267126,-95.56313276],[29.47265204,-95.56313683],[29.47264297,-95.56315211],[29.47264809,-95.56317594],[29.47266385,-95.56318636],[29.47267739,-95.56318762]],"6fdb0cb5-d2fd-430f-990f-70df8ccd7724":[[29.47275148,-95.56331479],[29.47276475,-95.56333807],[29.47278291,-95.56333573],[29.47279223,-95.56333485],[29.47280289,-95.56331553],[29.47279929,-95.5632992],[29.47279302,-95.56329401],[29.47278673,-95.56328993],[29.47277354,-95.56328848],[29.47276124,-95.56329153],[29.47275324,-95.56329972],[29.47274961,-95.56331027]],"a7ae4648-ea22-42b8-92d3-830809d4068f":[[29.47272622,-95.56332983],[29.47273431,-95.5633166],[29.47273445,-95.56330933],[29.47273068,-95.5633014],[29.47272926,-95.56329912],[29.47272737,-95.56329516],[29.47272206,-95.5632911],[29.47271437,-95.56328363],[29.47270708,-95.56328065],[29.47270416,-95.56328002],[29.47269277,-95.56328645],[29.47267738,-95.56329726],[29.47266987,-95.56330546],[29.47267263,-95.56331505],[29.47267441,-95.56332405],[29.47268117,-95.56332925],[29.47268453,-95.5633327],[29.47268935,-95.56333674],[29.47269618,-95.56333803],[29.47270641,-95.56334108],[29.47271078,-95.56334287]],"fcaa8769-b37c-4970-a3cf-73bd86ba2e1b":[[29.47265456,-95.56334467],[29.47265676,-95.56333025],[29.47265776,-95.563318],[29.47265677,-95.56330964],[29.47265425,-95.56330124],[29.47265274,-95.56329989],[29.47264592,-95.56329533],[29.47263942,-95.56329385],[29.4726206,-95.56329513],[29.472606,-95.56329564],[29.47259785,-95.5633007],[29.47259417,-95.56331245],[29.4725936,-95.56332208],[29.47259266,-95.56333083],[29.47259855,-95.56334413],[29.47260604,-95.56335353],[29.47262441,-95.56335619],[29.47263362,-95.56335598],[29.47264866,-95.56335241]],"711ad9be-a1e7-4606-8a41-9c84191c4fd6":[[29.47258055,-95.56334193],[29.47258616,-95.56332979],[29.47258728,-95.5633114],[29.47258369,-95.56329859],[29.47257234,-95.56329041],[29.47256394,-95.56328801],[29.47254434,-95.56328971],[29.47252657,-95.56329584],[29.47252475,-95.5633107],[29.47252672,-95.56332785],[29.47252808,-95.5633371],[29.47253827,-95.56334569],[29.47254546,-95.56335113],[29.47255694,-95.56335273],[29.47257389,-95.56334921]],"b4e27bf9-f6b8-4a25-8823-c998f7850f47":[[29.47249932,-95.56335294],[29.47251033,-95.5633409],[29.47251447,-95.56332925],[29.4725152,-95.56331696],[29.47251538,-95.56330745],[29.47251302,-95.56330291],[29.47249576,-95.56328345],[29.47247219,-95.56328677],[29.47245928,-95.56329596],[29.47245616,-95.5633054],[29.47245438,-95.56332158],[29.47245596,-95.56334121],[29.47246071,-95.56334917],[29.47247241,-95.5633517],[29.47248902,-95.5633538]],"2c7a76a2-b0a7-48a6-a035-8632bcef726e":[[29.47244418,-95.56334259],[29.47244718,-95.56331413],[29.47243885,-95.56328873],[29.47241541,-95.56328534],[29.47239878,-95.56328436],[29.47238544,-95.56329018],[29.47237674,-95.56330955],[29.47237653,-95.56332074],[29.47238392,-95.56334388],[29.47240379,-95.56335445],[29.47242228,-95.56336107],[29.4724371,-95.56335417]]}