{"dba6b2d4-86ef-4a53-a702-812792330e82":[[29.46897365,-95.56904246],[29.46897652,-95.56897325],[29.46896353,-95.56897073],[29.4689638,-95.5689567],[29.46882271,-95.56895007],[29.46880792,-95.56896066],[29.46880457,-95.56903513],[29.46882741,-95.56904447],[29.46882993,-95.56905287],[29.46888089,-95.56905722],[29.4688891,-95.56902937],[29.46895456,-95.56903759]],"e5be7b58-7ea4-4c1a-af7e-ae7f8a2e31a4":[[29.46901622,-95.56894922],[29.46901649,-95.56892561],[29.46903901,-95.56892575],[29.46904065,-95.56888846],[29.46902391,-95.5688855],[29.46902426,-95.56886716],[29.46899701,-95.56886394],[29.46899732,-95.56884792],[29.46895825,-95.56884483],[29.4689525,-95.56891302],[29.46896631,-95.56891464],[29.46896789,-95.56894779]],"fb02ee3c-a2ea-4acb-a852-a0b319c06796":[[29.46913654,-95.56876103],[29.46913686,-95.56868474],[29.46914768,-95.56868106],[29.46914931,-95.56865611],[29.46913481,-95.5686518],[29.46913458,-95.56854479],[29.46909279,-95.56854286],[29.46901337,-95.56854217],[29.46901167,-95.5686101],[29.46902586,-95.5686109],[29.46902886,-95.56875349]],"f60e5019-4633-48f4-b503-fbed58a2e53d":[[29.47059456,-95.56748602],[29.47059639,-95.56748435],[29.47060071,-95.56747862],[29.47060328,-95.56745498],[29.47059661,-95.56744209],[29.47058082,-95.56743448],[29.47056668,-95.56743516],[29.47055295,-95.56744546],[29.47054655,-95.56746557],[29.47055679,-95.56748026],[29.47057795,-95.56748973]],"1ae3678d-9305-440e-93b6-82f8dee12724":[[29.47062532,-95.5674813],[29.4706435,-95.56748932],[29.4706588,-95.56749108],[29.47067124,-95.56748521],[29.47067998,-95.56746894],[29.47067693,-95.56743965],[29.47064992,-95.56742179],[29.4706297,-95.56742541],[29.47061667,-95.56743092],[29.47060903,-95.56743725],[29.47060963,-95.56745273],[29.47062094,-95.56745886]],"37d004bc-66b3-4082-926b-448c2d4d05d9":[[29.47073918,-95.56747014],[29.47074747,-95.56746107],[29.47075224,-95.56744745],[29.47075377,-95.56743065],[29.47074982,-95.56741715],[29.47074373,-95.56740531],[29.47073302,-95.56739955],[29.47071311,-95.56740317],[29.47069303,-95.56741503],[29.470685,-95.56742651],[29.47068281,-95.56744604],[29.47069219,-95.56745865],[29.47070109,-95.56746506],[29.4707154,-95.56747126],[29.47072586,-95.56747461]],"a5b08b55-7575-4203-b355-8c07764a7785":[[29.47079138,-95.56742225],[29.47080778,-95.56743321],[29.47082212,-95.5674264],[29.47082556,-95.56742058],[29.47082413,-95.56740873],[29.47082282,-95.56739984],[29.47082104,-95.56739642],[29.47081723,-95.56739316],[29.47081131,-95.56739365],[29.47080599,-95.56739182],[29.47080421,-95.5673884],[29.47080257,-95.56738773],[29.47079183,-95.56738915],[29.47078161,-95.56739269],[29.4707793,-95.5673979],[29.4707777,-95.56740398],[29.47077759,-95.56740967],[29.47077936,-95.56741393],[29.47078151,-95.56741736],[29.47078387,-95.56741911]],"6d67a86d-53e5-4291-9451-7e39ec4432ab":[[29.47086165,-95.56741944],[29.47086964,-95.5674072],[29.47087026,-95.56739413],[29.47086981,-95.56738906],[29.47086713,-95.56738435],[29.47086129,-95.56738062],[29.4708543,-95.5673796],[29.47084635,-95.56738024],[29.47083101,-95.56738133],[29.47082194,-95.56738258],[29.47082146,-95.56738805],[29.47082536,-95.5673968],[29.47082983,-95.56740429],[29.47083155,-95.56741067],[29.47083313,-95.56741492],[29.47083767,-95.56741862],[29.47084427,-95.5674209],[29.47084868,-95.56742207],[29.47085145,-95.56742192]]}