{"c1785045-8aed-424e-9cc3-84dc8dee50a8":[[29.78334683,-95.64549321],[29.78304888,-95.64549298],[29.78304466,-95.64570361],[29.78305411,-95.64570468],[29.78334205,-95.64571143],[29.78334649,-95.64551043]],"99f26605-3722-4e5b-b35b-a0e9d3ccfebd":[[29.78248175,-95.64562664],[29.78244952,-95.64562823],[29.782354,-95.64563372],[29.78235628,-95.64560711],[29.78237197,-95.64560819],[29.78237103,-95.64553881],[29.78239857,-95.64552886],[29.7824035,-95.64536961],[29.78239614,-95.64535941],[29.78239424,-95.64530934],[29.78238467,-95.64529309],[29.78238447,-95.64527441],[29.78237239,-95.64526742],[29.78240672,-95.64526699],[29.78241176,-95.64513279],[29.78230458,-95.64513109],[29.78230478,-95.64512088],[29.78230293,-95.6451021],[29.78159377,-95.64509798],[29.78159423,-95.64514906],[29.78150833,-95.64514973],[29.7815094,-95.64509641],[29.78094377,-95.64510334],[29.78093849,-95.64521183],[29.7809326,-95.64564836],[29.7811871,-95.64565512],[29.78119007,-95.64532471],[29.78132366,-95.64533705],[29.78131649,-95.64565857],[29.78197369,-95.64567611],[29.78197486,-95.64562662],[29.78197866,-95.64533655],[29.78211523,-95.64534125],[29.78211314,-95.64563026],[29.78211196,-95.64567974],[29.78248414,-95.64568968]],"cfcf8cd1-21d1-4907-8418-95abf34da72e":[[29.78211196,-95.64567974],[29.78211314,-95.64563026],[29.78197486,-95.64562662],[29.78197369,-95.64567611]],"7e3ef45a-9334-441f-a780-84f290b6b6b2":[[29.78090785,-95.64564821],[29.7809027,-95.64561502],[29.78092078,-95.64561283],[29.78093001,-95.64509592],[29.78078172,-95.64509176],[29.78077874,-95.6451537],[29.78071128,-95.6451526],[29.78071028,-95.6452606],[29.7806715,-95.64526241],[29.78066946,-95.6452958],[29.78069529,-95.64530379],[29.7806961,-95.64537696],[29.78066407,-95.64538291],[29.78066816,-95.64542953],[29.78070633,-95.64543523],[29.78070372,-95.6455428],[29.78072323,-95.64554749],[29.78077244,-95.64554827],[29.78076971,-95.64557066],[29.78064294,-95.6455736],[29.78064158,-95.6456412]],"6ddfd954-169e-452e-92a3-c9e28e82b247":[[29.78053097,-95.64563829],[29.78059931,-95.64564009],[29.78060391,-95.64554667],[29.78059563,-95.64555064],[29.78060355,-95.6453826],[29.78053398,-95.64537397],[29.78053056,-95.64552228],[29.78051733,-95.64552297],[29.78051555,-95.64554331],[29.78053282,-95.64554585]],"da2ff07b-233a-449f-9f19-0de4047c0911":[[29.78048234,-95.64563701],[29.78049001,-95.64549053],[29.78022582,-95.64548854],[29.7801841,-95.6454429],[29.78018334,-95.64507647],[29.78019474,-95.64507758],[29.78019469,-95.64502682],[29.78015191,-95.64502283],[29.78014972,-95.64506125],[29.77998416,-95.64506711],[29.77997074,-95.64555614],[29.78004312,-95.64562546]],"fa1d2de6-ef8c-4ee4-9a41-4a354736fa18":[[29.77947515,-95.64531648],[29.77947736,-95.64524335],[29.77936527,-95.6452421],[29.77936303,-95.64531694]],"2a067b17-fb74-4051-95f2-d3393acd0dfb":[[29.77949616,-95.64510856],[29.77949992,-95.6450077],[29.77931464,-95.64500198],[29.77931267,-95.64510065]],"2e9503a1-9c2d-4aa5-bd26-9a5008fb7a14":[[29.77925841,-95.64560165],[29.77926355,-95.64539213],[29.77911849,-95.64539592],[29.77911864,-95.64528078],[29.77915648,-95.64528395],[29.77916125,-95.6450929],[29.7790454,-95.64508188],[29.77903506,-95.64559888]],"670137a2-b7bd-400b-9819-5197a6ad61d3":[[29.7794658,-95.64541176],[29.7794676,-95.64535735],[29.77937998,-95.64535703],[29.77937586,-95.64538044],[29.77937755,-95.64540974],[29.77945041,-95.64541323]],"b762cbf0-91af-4f6f-9760-cca4a6260013":[[29.78052055,-95.6431957],[29.78058136,-95.64311827],[29.7805175,-95.64304589],[29.78048753,-95.64303262],[29.78045775,-95.64307066],[29.78043064,-95.64303528],[29.78047622,-95.6429935],[29.78045566,-95.64296878],[29.78046656,-95.64294353],[29.78047987,-95.64287132],[29.78039116,-95.6428779],[29.78038856,-95.64290829],[29.7803401,-95.64295042],[29.78028613,-95.64288314],[29.78024498,-95.64288483],[29.78020909,-95.64292548],[29.78017498,-95.64287745],[29.78013891,-95.6428668],[29.78007734,-95.64292202],[29.78001153,-95.64282602],[29.77993327,-95.64280871],[29.77989476,-95.64300085],[29.77984515,-95.64309619],[29.77988905,-95.64312085],[29.77993628,-95.64300762],[29.77996425,-95.64290181],[29.77999103,-95.64290726],[29.78002237,-95.64295673],[29.77995998,-95.64302505],[29.78008264,-95.64319305],[29.77995808,-95.64335619],[29.77993969,-95.64334384],[29.77984107,-95.6432185],[29.77985924,-95.64318551],[29.77981146,-95.64316098],[29.77979674,-95.64318927],[29.77971212,-95.64325252],[29.77976922,-95.6433301],[29.77976596,-95.64333886],[29.77959689,-95.64353436],[29.77957436,-95.64353669],[29.77950511,-95.64350887],[29.77948584,-95.64351095],[29.77948551,-95.64353775],[29.77918775,-95.64354613],[29.77920197,-95.64399538],[29.77925397,-95.64400886],[29.77923701,-95.64358696],[29.7794876,-95.64357318],[29.7794464,-95.64359599],[29.77944374,-95.64363394],[29.7794011,-95.64363391],[29.7794015,-95.64370887],[29.77936265,-95.64370893],[29.77936203,-95.64388163],[29.77938941,-95.6438867],[29.77939204,-95.64403161],[29.77944193,-95.64403382],[29.77968869,-95.64403199],[29.77969291,-95.64394199],[29.7798164,-95.64393553],[29.77981952,-95.64383995],[29.77988726,-95.64383896],[29.77988775,-95.64375441],[29.77990956,-95.64375221],[29.77990387,-95.64361342],[29.77999494,-95.64359502],[29.7801371,-95.64380394],[29.78018378,-95.64376774],[29.7802621,-95.64366166],[29.78030752,-95.64356719],[29.78028511,-95.64353887],[29.78032839,-95.64349149],[29.78039928,-95.64357515],[29.78043439,-95.6435733],[29.78058313,-95.64339282],[29.78053704,-95.64333893],[29.78058798,-95.64327095]],"71bd2c13-828e-40b2-abde-6bff05a6ce30":[[29.77985924,-95.64318551],[29.77988905,-95.64312085],[29.77984515,-95.64309619],[29.77981146,-95.64316098]],"f9f3626e-bc77-428c-9ebc-781856faec5a":[[29.78053652,-95.64385248],[29.78058815,-95.64379511],[29.78050348,-95.64368564],[29.78044501,-95.64375049],[29.78053053,-95.64385488]],"1c692483-7351-42db-a93a-e9dab48205a1":[[29.78031646,-95.64286109],[29.78038759,-95.64279402],[29.78033716,-95.64271694],[29.78030904,-95.6427494],[29.78025483,-95.64278712],[29.78030971,-95.64286432]],"58a65136-00c5-407f-9da8-7ff5b5888f81":[[29.77910872,-95.64191613],[29.77913488,-95.64191805],[29.77913673,-95.64182541],[29.77911057,-95.64182357]],"fa75db8d-1997-49ee-bd97-200d33ef9000":[[29.77914268,-95.64186932],[29.77914149,-95.64190949],[29.7792419,-95.64191192],[29.77924279,-95.64183024],[29.77925288,-95.64180838],[29.77934957,-95.64179985],[29.7793748,-95.64172647],[29.77935685,-95.64165876],[29.77921085,-95.64165276],[29.77919259,-95.64167684],[29.77919175,-95.64171862],[29.77918036,-95.64171832],[29.77917788,-95.64177416],[29.77919874,-95.64177941],[29.77919606,-95.64179972],[29.77921371,-95.64180593],[29.7792061,-95.64182193],[29.7791425,-95.64182412]],"3d8f1816-0455-4cd6-9a0d-e04ce25501eb":[[29.77911936,-95.64138411],[29.77924249,-95.64138105],[29.77924219,-95.64134845],[29.77926753,-95.64131327],[29.77925738,-95.64125217],[29.77924313,-95.64125397],[29.77924843,-95.64122587],[29.77927631,-95.64120596],[29.77927533,-95.64111302],[29.77920564,-95.64111407],[29.7792056,-95.64118781],[29.77912335,-95.64118462]],"356bc699-a3a0-4158-ac88-773973edd16e":[[29.77912542,-95.64108113],[29.77914519,-95.64109587],[29.7792212,-95.64097461],[29.77929697,-95.64096512],[29.77929049,-95.64084657],[29.77922589,-95.64085465],[29.77918765,-95.64091882],[29.77917261,-95.64091299],[29.77912904,-95.64089992]],"3f8e6000-eb07-4792-893a-74534ae80932":[[29.77985482,-95.64177899],[29.78009443,-95.64176051],[29.78040544,-95.64172268],[29.78071311,-95.64169714],[29.78048896,-95.64148246],[29.78048131,-95.64132478],[29.78065108,-95.64109391],[29.78066901,-95.6410466],[29.78032237,-95.64109058],[29.78033745,-95.64110867],[29.78028489,-95.6411126],[29.78026827,-95.64109447],[29.77987715,-95.64112489],[29.77974567,-95.64113913],[29.77996806,-95.64136438],[29.77997178,-95.64156442],[29.77994689,-95.64157439]],