{"acf0a29c-11c1-4439-8b0a-4bbd2caf6254":[[29.48407085,-95.58656077],[29.48407165,-95.58655181],[29.48410733,-95.58654914],[29.48412023,-95.58646446],[29.48410415,-95.58639118],[29.48406546,-95.58638805],[29.48406133,-95.5863758],[29.48401078,-95.58637166],[29.48400553,-95.58638439],[29.48396611,-95.58638624],[29.48396056,-95.58654327],[29.48399861,-95.58654709],[29.48401025,-95.58655923]],"21642810-8a84-4835-8f49-a7deeab93d11":[[29.48387578,-95.58647968],[29.48387823,-95.58632115],[29.48379328,-95.58631827],[29.48379073,-95.5864818]],"046999af-7fd8-4b92-90c1-ca4cdb094614":[[29.48335514,-95.58621961],[29.48335043,-95.58616794],[29.48330585,-95.58617231],[29.4833055,-95.5862211]],"c9013fbf-d0bb-4783-8078-5a72475f0b81":[[29.48327852,-95.58554722],[29.48327308,-95.58550564],[29.48318156,-95.58551904],[29.48318205,-95.58555834]],"2a6e0fb0-f78d-4fe2-90c3-b3228629f7ef":[[29.48330147,-95.58568496],[29.48334787,-95.58567757],[29.48333974,-95.58564521],[29.48329592,-95.5856491]],"f33ab247-f342-497e-8e3c-6d79f848f3e0":[[29.48203758,-95.58587869],[29.48202953,-95.58581062],[29.48200251,-95.58581779],[29.48200806,-95.5858858]],"1768d77b-e7a5-4982-8a51-5560778033b0":[[29.48207709,-95.58587184],[29.48216562,-95.58585123],[29.48214227,-95.58576633],[29.48206118,-95.58578999]],"acb190ba-67f7-48ce-ab7f-2a62a53370c9":[[29.48232217,-95.58574019],[29.48231983,-95.58570012],[29.4822828,-95.58570775],[29.4822846,-95.58574352]],"5f468de6-1edf-4a32-a2c3-edbde063c3dd":[[29.4818272,-95.58475197],[29.48185566,-95.58460625],[29.48182213,-95.58459468],[29.48182363,-95.58458186],[29.48179006,-95.58457244],[29.48177819,-95.58463643],[29.48175081,-95.58463002],[29.48173853,-95.58468328],[29.48175601,-95.58468444],[29.48175551,-95.58471015],[29.48177847,-95.58471859],[29.48177296,-95.58474488]],"ea544edb-ad4d-4899-a5dd-78f43786a9dc":[[29.48182999,-95.58451201],[29.48183136,-95.58447347],[29.4817945,-95.58447253],[29.48179254,-95.58450892]],"692353bb-010e-4cfa-a576-d6a45485ba22":[[29.48140605,-95.58624428],[29.48140749,-95.58617002],[29.48132443,-95.58616648],[29.48132107,-95.58624283]],"98d36868-10f0-467b-9a09-175492d55bab":[[29.48090269,-95.58618532],[29.48090422,-95.58618536],[29.48091394,-95.58600141],[29.48086296,-95.58599836],[29.48085823,-95.58618243]],"91545b3e-417c-4d1a-a9f4-fe3dd7cc7f0e":[[29.48090566,-95.58622969],[29.48093867,-95.58622921],[29.480945,-95.58610087],[29.48091477,-95.5860966]],"eece6471-f911-4b0d-a21e-27cb02712dd7":[[29.4840776,-95.58471394],[29.48408536,-95.58467028],[29.48405283,-95.58466594],[29.48404736,-95.58471054]]}