{"61b32352-23da-4752-98f5-69206de3dcd3":[[29.97740075,-95.59092776],[29.97735628,-95.59087895],[29.97734143,-95.59088885],[29.97730552,-95.59093468],[29.9772902,-95.5909268],[29.97727787,-95.59093303],[29.97723657,-95.59100397],[29.97739629,-95.59115397]],"9dc41bb4-e66e-4904-a644-a6bc0a631677":[[29.97739557,-95.59119045],[29.97729881,-95.59115148],[29.97728314,-95.59116136],[29.97727654,-95.59116586],[29.9772556,-95.5911541],[29.97724167,-95.59115841],[29.97723423,-95.59120591],[29.97726563,-95.59122356],[29.97724505,-95.59127634],[29.97739254,-95.59134468]],"d461dfd7-7d25-49c9-b72d-1249ca41f4cb":[[29.97739226,-95.5913587],[29.97734717,-95.59134165],[29.97734701,-95.59135006],[29.97729735,-95.59134971],[29.9772805,-95.59133711],[29.97725825,-95.59135056],[29.977254,-95.59140095],[29.97724412,-95.59140631],[29.97724859,-95.59146908],[29.97727814,-95.59149791],[29.97738955,-95.59149613]],"bba85c8a-2e50-43df-aa1d-84492ee4bff3":[[29.97738917,-95.59151575],[29.97731944,-95.59150927],[29.97726383,-95.59152185],[29.97726061,-95.59164428],[29.97726858,-95.59165291],[29.97738639,-95.5916569]],"c9b82129-6e58-4dd0-a081-6d3aeea30d9e":[[29.97738615,-95.59166889],[29.9773187,-95.59166678],[29.97730305,-95.59168189],[29.97729841,-95.59180866],[29.97731153,-95.59181252],[29.97738333,-95.59181192]],"5658b740-dcb2-4616-8626-af5b8b7baa56":[[29.97738294,-95.5918317],[29.97729956,-95.59182909],[29.97729692,-95.59186411],[29.97728638,-95.59186203],[29.97728478,-95.59196321],[29.97729908,-95.59197303],[29.97738011,-95.59197558]],"8c52aefc-878a-4bf3-ba0f-2604d8bc68c3":[[29.97737985,-95.59198845],[29.97730144,-95.59198202],[29.97730066,-95.59202157],[29.9772503,-95.59201952],[29.97724836,-95.5921184],[29.97737715,-95.59212561]],"5ed71833-1d0b-4048-9ecc-fa78257b59b2":[[29.97737694,-95.59213659],[29.97733612,-95.5921324],[29.97733011,-95.59214617],[29.97723519,-95.59213931],[29.97722174,-95.59227159],[29.97722724,-95.59228346],[29.977374,-95.5922858]],"f946f11d-f8f9-4541-8530-94046569f2e0":[[29.97737362,-95.59230492],[29.97723683,-95.59230012],[29.97723095,-95.59239944],[29.97724586,-95.59243649],[29.97737104,-95.59243562]],"bd8448ae-d5d3-415d-be70-745f1ecc460f":[[29.97736602,-95.59269053],[29.9773474,-95.59267979],[29.97728857,-95.59277272],[29.97729951,-95.59279638],[29.9773628,-95.59285409]],"fb7a53e8-e7f2-49f5-a301-3794d7688a12":[[29.97736976,-95.59250076],[29.97734013,-95.59247011],[29.97722028,-95.59258883],[29.97722364,-95.59262421],[29.97726499,-95.59268887],[29.9772916,-95.59270172],[29.97731048,-95.59269379],[29.977367,-95.59264107]],"f81bffef-9739-4f01-9e21-ff9c2074ee96":[[29.97479768,-95.59541258],[29.97477966,-95.59537655],[29.97475658,-95.59534976],[29.97469741,-95.59533606],[29.97468252,-95.59534783],[29.97467236,-95.59540932]],"9a4f9c2f-056d-4b9c-b96a-a7c822d9e9c9":[[29.97491137,-95.59538652],[29.97495056,-95.59533984],[29.97494427,-95.59532846],[29.97492427,-95.59531017],[29.97493797,-95.59527592],[29.97495277,-95.59526883],[29.97495819,-95.59524185],[29.97488278,-95.59514356],[29.97483776,-95.59515548],[29.97476663,-95.59521161],[29.97479395,-95.59527124],[29.97481332,-95.59528016],[29.97489171,-95.59539255]],"15dbc6c4-b5a8-42e8-a4b8-c25327c5b5de":[[29.97499555,-95.59517578],[29.97504935,-95.59513136],[29.97504907,-95.59510423],[29.97507176,-95.5951095],[29.97509642,-95.59513913],[29.97513722,-95.59513458],[29.97514841,-95.59510401],[29.97514622,-95.59509086],[29.97501421,-95.59493125],[29.97490478,-95.59503034]],"1bd0ac47-4d0d-492d-98a5-3deba991d489":[[29.97529631,-95.59494449],[29.97530241,-95.59492633],[29.97518664,-95.5947797],[29.97517062,-95.59478295],[29.97506937,-95.59490342],[29.97515047,-95.59499639],[29.97515925,-95.59500394],[29.97516819,-95.59500344],[29.97517974,-95.59500008],[29.97518322,-95.59498552],[29.97518846,-95.59497833],[29.97519551,-95.59497704],[29.9752044,-95.59497874],[29.97521184,-95.59495768],[29.97520957,-95.59494297],[29.97521043,-95.594932],[29.97526753,-95.59498038]],"c2846246-5b54-4e71-90cf-89aa66c53025":[[29.97547912,-95.59480456],[29.97544235,-95.59466364],[29.97542963,-95.59466185],[29.97534113,-95.59468519],[29.97532005,-95.59462163],[29.97530988,-95.5946199],[29.97523793,-95.59464514],[29.97523782,-95.594651],[29.97530844,-95.59491956],[29.97533762,-95.59492764],[29.97538713,-95.59490841],[29.97539173,-95.59490121],[29.97537811,-95.59484809],[29.97538577,-95.59484756],[29.97539273,-95.59485067],[29.97539857,-95.59484569],[29.97540389,-95.59483484],[29.97540602,-95.5948239],[29.97542911,-95.59481718],[29.97545372,-95.59483101],[29.97547429,-95.59482348]],"ced6a6f3-b8cf-40db-99f7-faa93d673b4f":[[29.97618884,-95.59544877],[29.97620808,-95.59544927],[29.97620722,-95.59542485],[29.97625296,-95.59541762],[29.97624848,-95.59539693],[29.9761663,-95.59531156],[29.97610553,-95.59529688],[29.97608884,-95.59531702],[29.97608065,-95.59531961],[29.97605953,-95.5953172],[29.97603749,-95.59536151],[29.97600767,-95.59534577],[29.97599053,-95.59534813],[29.97595533,-95.59539865],[29.97596233,-95.59541567],[29.97599922,-95.59544384]],"43a22e03-ec03-4da6-ac1c-a439d70b4056":[[29.97604602,-95.59525424],[29.97604498,-95.59524249],[29.9759402,-95.59512106],[29.97593076,-95.59511421],[29.97581355,-95.595235],[29.97588307,-95.59530056],[29.97584003,-95.5953478],[29.97589106,-95.59541288],[29.97590836,-95.59540893]],"35f04941-b558-4be3-a425-c4e40494f109":[[29.97592075,-95.59510443],[29.97592225,-95.59507424],[29.975797,-95.59495087],[29.97578646,-95.59494924],[29.97568151,-95.59506797],[29.97567178,-95.59506502],[29.97563268,-95.59512114],[29.97568164,-95.59516823],[29.97569618,-95.59516861],[29.97572165,-95.59514182],[29.97572897,-95.59513963],[29.9757802,-95.59521142],[29.97582557,-95.59520747]],"9e0b487b-6219-49ae-ac54-79f877eaaa8e":[[29.97568298,-95.59501774],[29.9756756,-95.59500637],[29.97571453,-95.59497707],[29.97571914,-95.59496132],[29.97573711,-95.59493712],[29.97573033,-95.59489147],[29.97567893,-95.59482141],[29.97564522,-95.59481912],[29.97558559,-95.59487387],[29.97559234,-95.59489438],[29.97560612,-95.59490253],[29.97560266,-95.59496346],[29.97562108,-95.5949845],[29.97562226,-95.59499167],[29.97561969,-95.59499766],[29.97558415,-95.59503287],[29.97558432,-95.59504305],[29.97561382,-95.59508514],[29.97563034,-95.59508864],[29.97565694,-95.59507743],[29.97567622,-95.595055],[29.97568543,-95.59505632],[29.97569334,-95.59504657],[29.97569487,-95.59503601]],"19d2c134-1eeb-4c2c-95a2-452c23fc3a66":[[29.97524238,-95.59542415],[29.97524624,-95.59540568],[29.9752242,-95.59538272],[29.97519586,-95.59534983],[29.97518138,-95.59534888],[29.97511648,-95.59542087]],"b79f4338-4561-477c-8305-f2f0efe29379":[[29.9753199,-95.59538486],[29.9753526,-95.5954145],[29.97536364,-95.59541119],[29.97550688,-95.59525747],[29.97551295,-95.59524728],[29.97545969,-95.59518741],[29.97544598,-95.59518796],[29.97540165,-95.59523134],[29.97538789,-95.59521389],[29.975364,-95.59521416],[29.97533691,-95.59517747],[29.97532664,-95.59518215],[29.97524257,-95.59527443],[29.97524557,-95.59531227]],"4ba6d55c-5557-4a46-8450-937efed591cc":[[29.97557368,-95.59543277],[29.97553909,-95.59537539],[29.97557552,-95.5953397],[29.97557522,-95.5953221],[29.97554298,-95.5952751],[29.97547952,-95.59532254],[29.97546967,-95.5953047],[29.97537389,-95.59540626],[29.97540152,-95.59542829]]}