{"1fe051b1-9439-4a34-bd7f-c262d8d469f8":[[29.82796094,-95.61451208],[29.82799084,-95.61447846],[29.82792193,-95.61439575],[29.82789114,-95.61443242]],"3290662d-340e-4e73-aa56-acf97249881e":[[29.82859043,-95.61521379],[29.82861358,-95.61517738],[29.82856124,-95.61511497],[29.82853253,-95.61514843],[29.82854488,-95.61516683]],"52930606-b95a-4d83-ad44-432cc819730d":[[29.82831138,-95.61491536],[29.82833827,-95.614885],[29.82828605,-95.614827],[29.82826068,-95.61486106]],"019ed1f8-856a-449a-b447-97aa8e01debc":[[29.8284587,-95.61491737],[29.8285086,-95.61485107],[29.82848053,-95.61482019],[29.82842826,-95.61488552]],"32bcbba6-0692-4fd5-9dc5-c8d4adeea0e1":[[29.82855577,-95.61496284],[29.82860485,-95.61489743],[29.82857666,-95.61487294],[29.82852758,-95.61493835]],"ca9e598b-f391-4940-afc9-2b9f1738f6b1":[[29.82858282,-95.6154468],[29.82861228,-95.61540737],[29.82855606,-95.61535018],[29.82853062,-95.61538789]],"3d1a8bc7-5df0-46d6-b919-ef8f6d7d131a":[[29.82830378,-95.61545963],[29.8283488,-95.61539868],[29.82831744,-95.6153732],[29.82827411,-95.61542962]],"a5f05e67-12c5-4f83-98f4-b0e57d8211f7":[[29.82789918,-95.61498062],[29.82790499,-95.61497075],[29.82791543,-95.61497961],[29.82793465,-95.61495435],[29.82792487,-95.61494407],[29.82796258,-95.61489924],[29.82792583,-95.61486393],[29.8278556,-95.6149437]],"94861b42-554b-4cde-a931-80ab48b85bc7":[[29.82802164,-95.61481632],[29.82802105,-95.61471968],[29.82793813,-95.61471537],[29.82793625,-95.61481052]],"cbea1498-b9e2-4693-83ce-b39b9b6fab81":[[29.82792424,-95.61466061],[29.82795424,-95.61462703],[29.82788656,-95.61454654],[29.82785207,-95.61458644]]}