{"8a1daf41-03f0-4e24-8ddd-bc70a44d0962":[[29.73945173,-95.54050109],[29.73946997,-95.54063507],[29.73947489,-95.5406495],[29.73956674,-95.54063393],[29.73957319,-95.54062337],[29.73955462,-95.54045242],[29.73954228,-95.54044496],[29.73945448,-95.54046659]],"65c0e728-736b-4cbc-8698-ba26b6f95c9a":[[29.73950602,-95.54076454],[29.73953532,-95.54097918],[29.73954651,-95.54099067],[29.73964453,-95.54098006],[29.73965292,-95.54096813],[29.73963706,-95.54081735],[29.73974084,-95.54080409],[29.73974518,-95.54083315],[29.73975896,-95.54083724],[29.73978586,-95.54082648],[29.73978533,-95.54078768],[29.73986038,-95.54077054],[29.73985568,-95.54071626],[29.73985409,-95.54069939],[29.7398848,-95.54069651],[29.73986874,-95.54060169],[29.73985937,-95.54059048],[29.73970896,-95.54060717],[29.73970103,-95.54062088],[29.73972164,-95.54067849],[29.73962552,-95.54069509],[29.73961461,-95.54063114],[29.7396096,-95.54062589],[29.73957085,-95.54063151],[29.73956551,-95.54064001],[29.73957529,-95.54074333],[29.7395105,-95.54075546]],"fad90ffd-6267-4c37-a0e2-c832a2c1af2b":[[29.74051468,-95.53935275],[29.74050788,-95.53934701],[29.74015987,-95.53934384],[29.74014825,-95.53935476],[29.74014416,-95.53939762],[29.7401603,-95.53940644],[29.74049996,-95.53941967],[29.74051355,-95.53941192]],"64e674ce-f338-4bfc-b321-c22c7c2502d1":[[29.74052936,-95.53858846],[29.74037765,-95.53859211],[29.74036112,-95.53860384],[29.74033884,-95.53921229],[29.74035239,-95.53922851],[29.74050317,-95.53922951],[29.7405172,-95.53922149]],"e8abb159-7565-4d45-8d80-538a7496bd65":[[29.74011662,-95.53887694],[29.74009913,-95.53916208],[29.74014601,-95.53917071],[29.74032568,-95.53917276],[29.74032613,-95.53910852],[29.74033789,-95.53910837],[29.74033875,-95.53910435],[29.74034002,-95.53907922],[29.74032595,-95.53907707],[29.74032664,-95.53906136],[29.740338,-95.53906209],[29.7403416,-95.53905814],[29.74034179,-95.53898716],[29.7403399,-95.53898351],[29.74032937,-95.53898055],[29.74033039,-95.538968],[29.74034214,-95.53896874],[29.74034264,-95.5389427],[29.74033843,-95.53893765],[29.74033057,-95.53893835],[29.74033073,-95.53893027],[29.74032602,-95.53893015],[29.74033153,-95.5388885],[29.74032737,-95.53888031],[29.74012696,-95.53886223]],"926ede8c-1433-47de-bd43-50d18f258511":[[29.7399216,-95.53860916],[29.7399153,-95.53929438],[29.73995512,-95.53930846],[29.74007214,-95.539284],[29.74007481,-95.53927192],[29.74008863,-95.53927414],[29.74009284,-95.53926677],[29.74009172,-95.53924059],[29.74007703,-95.53924115],[29.74007839,-95.53921317],[29.74008979,-95.53921345],[29.74008875,-95.5391826],[29.74007572,-95.53918227],[29.74007738,-95.53913842],[29.74008884,-95.5391359],[29.74008934,-95.53910976],[29.74007878,-95.53910763],[29.74008155,-95.53909088],[29.74009053,-95.53909018],[29.74009194,-95.53905939],[29.74008875,-95.53905557],[29.74007814,-95.53905624],[29.74007802,-95.5390198],[29.74009189,-95.53901922],[29.74009165,-95.53898932],[29.74007863,-95.53898806],[29.74007885,-95.53897686],[29.74009027,-95.53897621],[29.74009364,-95.53897069],[29.7400926,-95.53893984],[29.74007712,-95.53893945],[29.7400803,-95.53890124],[29.7400958,-95.53890069],[29.74009831,-95.53889702],[29.74009807,-95.53886712],[29.74008422,-95.53886677],[29.74008371,-95.53885088],[29.74009595,-95.53885026],[29.74009569,-95.53882129],[29.74008188,-95.53881908],[29.74008091,-95.53878449],[29.74009476,-95.53878484],[29.74009872,-95.53874851],[29.74008894,-95.53874827],[29.74009392,-95.53865872],[29.74010209,-95.53865799],[29.74010257,-95.53863279],[29.74008987,-95.53861472],[29.73995009,-95.53859251]],"b7543188-48a0-4a8b-80f9-ab3bf5decb35":[[29.73925849,-95.53889457],[29.73925998,-95.53923238],[29.73926906,-95.53924326],[29.73937928,-95.53924299],[29.73938195,-95.53889616],[29.73937148,-95.53888829]],"1bc80b86-379f-4958-a6f3-562d282fcdae":[[29.73908691,-95.53889372],[29.73909217,-95.53924228],[29.73909603,-95.53924846],[29.73920495,-95.53924664],[29.73920925,-95.53923001],[29.7392116,-95.53889991],[29.73920387,-95.53888754]],"b234e14d-d48c-4f18-93d8-f09777d85903":[[29.73892081,-95.53888984],[29.73891506,-95.53923886],[29.73892669,-95.5392508],[29.73902493,-95.53925328],[29.73903351,-95.53924767],[29.73904184,-95.53890223],[29.73903364,-95.53889108]],"3157aac1-10eb-4463-8d87-8300c60d4d25":[[29.73843828,-95.53928302],[29.7388682,-95.53929843],[29.73888176,-95.53928355],[29.73887736,-95.53895937],[29.73884571,-95.53894792],[29.73842353,-95.53894489],[29.73832534,-95.53894383],[29.73831712,-95.53928483]],"2b72e837-357e-4a0b-8083-451b7205fab8":[[29.73812052,-95.53904879],[29.73811523,-95.5391619],[29.73812861,-95.53916939],[29.73832413,-95.53917313],[29.73833039,-95.53906361],[29.73831722,-95.5390454],[29.73813526,-95.53903962]],"aa04b3ac-2b7a-481c-883d-cbfa8df25698":[[29.74054818,-95.53760792],[29.74046708,-95.53760307],[29.74047152,-95.53728653],[29.74044887,-95.53727756],[29.74018314,-95.53727277],[29.74016182,-95.53727401],[29.74016366,-95.53734431],[29.74003546,-95.53733523],[29.74003086,-95.5373417],[29.74003161,-95.53736953],[29.7400087,-95.53736529],[29.74000223,-95.53736952],[29.7399999,-95.53742435],[29.73990919,-95.537425],[29.73989945,-95.53743353],[29.73988828,-95.53754962],[29.73989828,-95.53756085],[29.73999267,-95.53756835],[29.73998899,-95.53762681],[29.73997172,-95.53762783],[29.73996651,-95.53763356],[29.73995882,-95.53786756],[29.73996709,-95.53786923],[29.73996361,-95.53790861],[29.73997059,-95.53792428],[29.74043548,-95.53793242],[29.74043357,-95.53797767],[29.74044496,-95.53798034],[29.74054096,-95.53798396]],"ccfb403d-2c56-4247-82cf-526834d01d49":[[29.73902063,-95.53763952],[29.73905216,-95.53793396],[29.73908983,-95.53797751],[29.73921225,-95.53796386],[29.73921647,-95.53795179],[29.7393004,-95.53793717],[29.73930965,-95.53787046],[29.73929254,-95.53758551],[29.73908383,-95.53759851],[29.73906681,-95.53758591]],"af66e673-ec39-4f72-acb3-cb28fa3c3f0f":[[29.73909229,-95.53720891],[29.73901607,-95.53720699],[29.73901629,-95.53711591],[29.73843824,-95.53711594],[29.73843681,-95.53719045],[29.73840124,-95.53718956],[29.73840632,-95.53736639],[29.7384364,-95.53738851],[29.73842767,-95.53757859],[29.73845139,-95.53757919],[29.73845135,-95.53757983],[29.73847934,-95.53756963],[29.73869445,-95.53758221],[29.73871191,-95.53759345],[29.73900354,-95.53759504],[29.73901904,-95.53758184],[29.73902187,-95.53743433],[29.7390862,-95.53743789],[29.7390949,-95.53742646]],"33fe4fe4-76d8-4f1f-ad19-ef1a0abd6699":[[29.73869385,-95.53758459],[29.73847961,-95.53757207],[29.7384513,-95.53758239],[29.73844466,-95.53784116],[29.73847824,-95.53785755],[29.73859869,-95.53785087],[29.73861118,-95.53781817],[29.73868752,-95.53781427],[29.73869809,-95.53779318],[29.73870865,-95.53759414]],"1d5fabb0-71d0-4680-a308-925139a77c5c":[[29.73754869,-95.53763157],[29.73755023,-95.53788935],[29.73758867,-95.5379151],[29.73812057,-95.53792355],[29.73813392,-95.53790406],[29.7381362,-95.53778516],[29.73815359,-95.53778064],[29.73814088,-95.53765392],[29.7381367,-95.53764638]],"845ff672-c6de-470c-aff3-b95685096b2b":[[29.7377018,-95.53798043],[29.73769812,-95.53817204],[29.73773092,-95.53819265],[29.73781061,-95.53819161],[29.73782544,-95.53817982],[29.73782773,-95.53799121]],"5360523b-3bd9-49ba-93e5-afc3d0c46fc5":[[29.73759336,-95.53840111],[29.73759909,-95.53858687],[29.73762009,-95.53859957],[29.73778474,-95.53859916],[29.73779958,-95.53858736],[29.73779915,-95.53840173],[29.73771554,-95.53839962],[29.73771624,-95.53836312],[29.73777467,-95.53836307],[29.73778286,-95.53835111],[29.73777689,-95.5382475],[29.7376122,-95.53824944],[29.73759743,-95.53825819],[29.73759842,-95.53834494],[29.73760895,-95.53834977],[29.73765941,-95.53834952],[29.7376598,-95.53839822],[29.73760548,-95.53839228]],