{"5b3cc30b-0144-484d-8132-b6dd145f5b14":[[29.52955538,-95.63569269],[29.52944458,-95.63539407],[29.5291785,-95.63552064],[29.52928568,-95.63582231]],"ff5b6760-fcc4-4da6-802f-8b8cccbd2438":[[29.53000097,-95.63618652],[29.53003395,-95.63617738],[29.53000186,-95.63603153],[29.52978177,-95.63610333],[29.52980209,-95.63618136]]}