{"24e44a49-14b3-46b9-a294-d16a8fd326a8":[[29.81318725,-95.67610321],[29.81318603,-95.67609948],[29.81300118,-95.67609012],[29.81299612,-95.67627629],[29.81318365,-95.67628055]],"4028eb18-ded0-453f-bfad-1fbf0aa9c6c4":[[29.81323485,-95.6765513],[29.81323605,-95.67655042],[29.8132374,-95.6764447],[29.81308936,-95.6764453],[29.81308961,-95.67655015]],"14083109-c1b4-473a-b192-1ec152c5de15":[[29.81318516,-95.67657752],[29.81318426,-95.67657572],[29.81308579,-95.67656847],[29.81308262,-95.67663311],[29.81318176,-95.67663789]],"942da2a8-80f1-4b6a-a8b8-425c745594b7":[[29.81233475,-95.67633254],[29.81234016,-95.67633348],[29.81234265,-95.67628546],[29.81230537,-95.67628042],[29.81230583,-95.67625784],[29.8122347,-95.67625743],[29.81223459,-95.67628668],[29.81220525,-95.67628395],[29.81220565,-95.67632409],[29.81223349,-95.67632929],[29.81223396,-95.67634212],[29.81230361,-95.67634648],[29.8123054,-95.67632981]],"bdfbb989-0567-4396-9134-fe1cbf6c1327":[[29.81141742,-95.67632556],[29.81141972,-95.67616527],[29.81142675,-95.67613867],[29.81142294,-95.67594218],[29.81141167,-95.67592253],[29.81142192,-95.67573874],[29.81121692,-95.67573679],[29.81121396,-95.67633872],[29.8114059,-95.67633716]],"510ff761-2f5e-44cc-bb0a-32bb37838492":[[29.81113809,-95.67620155],[29.81113981,-95.67619438],[29.81113893,-95.67608252],[29.81095196,-95.67607213],[29.81094809,-95.67618914]],"94704c3d-2c22-43a3-a496-e89e263d3898":[[29.81106887,-95.67583378],[29.81106275,-95.67583225],[29.81099885,-95.6758291],[29.81099283,-95.67593692],[29.81103903,-95.67594094],[29.81104,-95.67591283],[29.81106793,-95.6759153]],"63d08987-f65c-4d32-9c2c-3d2bc3021421":[[29.81310482,-95.67586951],[29.81312284,-95.67576678],[29.81308112,-95.67574191],[29.81300381,-95.67574442],[29.81297928,-95.67585429],[29.81304902,-95.67587168]],"a139f8ba-3f65-4eb7-8923-eb32d4166203":[[29.81231443,-95.67614688],[29.81227664,-95.67614815],[29.81227583,-95.67618802],[29.81231356,-95.67619017]]}