{"b87c0f79-5bfa-4f32-b69a-d0bf71232ff4":[[29.83610566,-95.66948862],[29.83613067,-95.66944491],[29.83611226,-95.66942751],[29.83610073,-95.66940107],[29.83605431,-95.66937677],[29.83605309,-95.66937059],[29.83601206,-95.6693449],[29.83593082,-95.66945189],[29.83593717,-95.66946897],[29.83596768,-95.66948495]],"5bce8f45-9fdc-4ad4-a2ba-14ed1cdeaa45":[[29.83576865,-95.66931844],[29.8358696,-95.66943028],[29.83595661,-95.66936956],[29.83599925,-95.66931535],[29.83599044,-95.66928744],[29.83591572,-95.66920397],[29.83587818,-95.66920451],[29.83577292,-95.66930625]],"c3d06557-7c56-4f73-a821-245ef8b417b5":[[29.83580562,-95.66908113],[29.83592236,-95.66914112],[29.83593653,-95.66910306],[29.83596669,-95.66907004],[29.83596584,-95.66904542],[29.83599338,-95.66900925],[29.83590474,-95.66895155],[29.8358344,-95.6689835],[29.83581066,-95.66903053],[29.83581967,-95.66904922]],"a87a1fe2-aaeb-48d5-9678-92d78d1be052":[[29.8359362,-95.668854],[29.83597811,-95.66896888],[29.83599674,-95.66897552],[29.83612139,-95.66890966],[29.83605842,-95.66877577],[29.83593776,-95.66884328]],"54a2f64e-d7f6-4490-a9f6-640f6370ffff":[[29.8360507,-95.66869867],[29.83604814,-95.66874391],[29.83606221,-95.66877367],[29.83615566,-95.66877495],[29.83615411,-95.6686954],[29.83609648,-95.66868905],[29.83609529,-95.66869625],[29.83605332,-95.66869393]],"f5d8f28c-90d7-476e-907e-93024ff49705":[[29.83616824,-95.66876823],[29.83625695,-95.66879588],[29.83626913,-95.66876489],[29.83627857,-95.6687196],[29.83627857,-95.66871935],[29.83624616,-95.66870646],[29.83623979,-95.6687099],[29.8361761,-95.66869134],[29.83616331,-95.66875243]],"0b1b8981-597a-4ada-b762-e70679a0b64d":[[29.83627661,-95.66881666],[29.83626426,-95.66880553],[29.83618762,-95.66890829],[29.83627318,-95.66898642]],"f5e78dfa-4276-41c0-b44c-6deecf016567":[[29.83613064,-95.66698758],[29.83612914,-95.66727803],[29.83622531,-95.66727307],[29.8362254,-95.66716038],[29.83617739,-95.66715911],[29.83618033,-95.66712162],[29.8362939,-95.66711963],[29.83630161,-95.66706224],[29.83628573,-95.66698419],[29.83613967,-95.66697279]],"4f15c260-61f4-4447-998a-2d038a8e3afa":[[29.83587728,-95.66748215],[29.83599608,-95.66747567],[29.83599021,-95.66729844],[29.83596417,-95.66728811],[29.83593687,-95.66728739],[29.83592936,-95.66729562],[29.8358705,-95.66729767],[29.83586905,-95.6674735]],"66081a7d-88e7-498e-aa09-908c1c381fce":[[29.83594771,-95.66762464],[29.8359436,-95.66766511],[29.83595177,-95.66766816],[29.8359822,-95.66766897],[29.83598646,-95.66762095],[29.83594865,-95.667619]],"e4bfd079-5f07-4046-a80f-d60fa1a9e6a8":[[29.83558497,-95.66784943],[29.83555473,-95.66807623],[29.83566745,-95.66808512],[29.83567019,-95.66803418],[29.83565652,-95.66803381],[29.83567555,-95.6678538],[29.83559531,-95.66784578]],"c6a68820-c06b-4674-b04b-4f05ab1ddced":[[29.8356602,-95.66725888],[29.83565738,-95.66731374],[29.83571544,-95.66731921],[29.83571305,-95.66726813],[29.8356635,-95.66726485]],"c6992a71-f352-47db-9020-681effbff588":[[29.8355893,-95.66712749],[29.83567646,-95.66713177],[29.83569117,-95.66708115],[29.83567689,-95.66702583],[29.83559657,-95.66702173],[29.83559125,-95.66711577]],"ffaacfcd-d3ab-4023-9c0c-849156c6e054":[[29.83586028,-95.66717786],[29.835927,-95.66717767],[29.83593041,-95.66709339],[29.83589968,-95.66709061],[29.83589999,-95.66707492],[29.83593073,-95.6670777],[29.83594822,-95.66697418],[29.83592002,-95.66693026],[29.83591509,-95.66692032],[29.8357937,-95.66691709],[29.83578639,-95.66694044],[29.83578071,-95.66705213],[29.83584898,-95.66705983],[29.83585177,-95.66717567]],"bab18d6e-f84e-4a6f-9d52-e33b3a51dc4e":[[29.8352635,-95.6680168],[29.83525933,-95.66813834],[29.83528824,-95.66814695],[29.8353653,-95.66814312],[29.83536811,-95.66800388],[29.83526549,-95.66800312]],"84d19766-48fa-4052-9398-147d0efa4be7":[[29.83542571,-95.66715624],[29.83542445,-95.66721899],[29.83543272,-95.66723295],[29.83550624,-95.6672349],[29.83549919,-95.66716015],[29.83542921,-95.66715241]],"f92fdbfb-f855-4fb6-96ec-76b10db4dd83":[[29.83585063,-95.66621212],[29.83584985,-95.66630244],[29.83586521,-95.66632212],[29.83591466,-95.66631742],[29.83591823,-95.66634883],[29.83596747,-95.66635496],[29.83598223,-95.66635173],[29.83598614,-95.66636629],[29.83602297,-95.66636245],[29.83601968,-95.6663178],[29.83601155,-95.66630433],[29.83602092,-95.6662564],[29.83601147,-95.66620435],[29.83597375,-95.66619973],[29.83585082,-95.66620249]],"a0953a22-c7e1-402f-a996-cf067e8bf9f4":[[29.83585257,-95.66618895],[29.83595863,-95.66619003],[29.83595566,-95.66603699],[29.83584976,-95.6660278],[29.83585066,-95.66618369]],"76a6b447-164e-4531-8c52-e6e3836bcddb":[[29.83633535,-95.66590951],[29.83630483,-95.66590681],[29.83630205,-95.66604454],[29.83633242,-95.66604817],[29.83633456,-95.66594864]],"bc1fc141-5eb1-4405-a58d-1280ee72c1e1":[[29.83580728,-95.6651955],[29.83582912,-95.6651761],[29.83603536,-95.66518465],[29.83604604,-95.66512036],[29.83604753,-95.66504661],[29.83585057,-95.66504291],[29.83583291,-95.66505474],[29.83580082,-95.66505082],[29.83579481,-95.66508294],[29.83581076,-95.66508952],[29.83580361,-95.66517849]],"2d6b050f-990d-496b-873d-a71a523312c7":[[29.83520643,-95.66534543],[29.83529367,-95.66534578],[29.83530208,-95.66518315],[29.83523863,-95.66519127],[29.83523223,-95.66525389],[29.83519112,-95.66525672]],"f094a4cf-7862-4462-9190-498a9e250b2c":[[29.8348946,-95.66562361],[29.83487874,-95.66564673],[29.83487556,-95.66571925],[29.83489445,-95.66571582],[29.83489668,-95.66577475],[29.83499585,-95.66577738],[29.83499421,-95.66568904],[29.83503699,-95.66568822],[29.83503472,-95.66563126],[29.83507588,-95.66562646],[29.83508521,-95.6655031],[29.8350066,-95.66549905],[29.83499758,-95.66560672],[29.83490335,-95.66561403]],"db4a4bc1-8a1d-4c44-9856-b326fee19faf":[[29.83489984,-95.66553349],[29.83499801,-95.66553793],[29.83500299,-95.66547582],[29.83490696,-95.66547042]],"e1d8a69c-c947-4210-8efc-d223ac4b971b":[[29.83509384,-95.66826458],[29.83520506,-95.668266],[29.83522388,-95.66819732],[29.83521537,-95.66815405],[29.8350991,-95.66813712],[29.83508989,-95.6682614]],"bb197836-760e-4a4d-afe6-b159d9164602":[[29.83486891,-95.66785428],[29.83496983,-95.66796765],[29.83502304,-95.6679214],[29.83505846,-95.66795924],[29.83509164,-95.66790939],[29.83507055,-95.66789192],[29.83509285,-95.66784947],[29.83509301,-95.66784179],[29.83502437,-95.66778923],[29.8349834,-95.66782657],[29.8349243,-95.66776658],[29.8348858,-95.66781475],[29.83489221,-95.66782876],[29.83487031,-95.66785124]],"753d8e5b-9799-4538-aa52-bcf455c68620":[[29.83500506,-95.6679481],[29.83497686,-95.66797232],[29.83502845,-95.66804406],[29.83506584,-95.66799602],[29.8350331,-95.66795112],[29.83500388,-95.66794762]],"b4b9a90d-e314-43b3-816d-63118247aefd":[[29.83485522,-95.66632044],[29.8348717,-95.666367],[29.83483114,-95.66638437],[29.83486563,-95.6664683],[29.83502813,-95.66638653],[29.83499787,-95.66629195],[29.83496139,-95.66630635],[29.83493949,-95.66626272],[29.8348555,-95.66630661]],"b791161f-2943-4c4b-98c2-22b31a6bf6c7":[[29.83443511,-95.66791768],[29.8344301,-95.66796674],[29.83448895,-95.66797292],[29.83449337,-95.66795305],[29.83453225,-95.66795255],[29.83453163,-95.66791717],[29.83443935,-95.66790703]],"363dfb45-5633-4714-857c-fa6da010e58a":[[29.83451102,-95.6677429],[29.83450835,-95.66780894],[29.83457253,-95.66781679],[29.83457863,-95.66771395],[29.83451841,-95.66770928]],"27be092b-91b5-4397-92ab-37f7fa68247d":[[29.83428439,-95.66789981],[29.8343869,-95.66790646],[29.8343892,-95.66787709],[29.83445588,-95.66787887],[29.83445854,-95.66774748],[29.83440899,-95.6677442],[29.83438048,-95.66771597],[29.83433722,-95.66774033],[29.83428752,-95.66774489]],"05999302-bf63-4563-8a69-3c79d8cf9fc0":[[29.83435338,-95.66731252],[29.83446332,-95.66731083],[29.8344703,-95.66729718],[29.83451454,-95.66729682],[29.83452157,-95.66721399],[29.83437172,-95.66720078],[29.83434817,-95.6673047]],