{"7addc698-ef53-419c-8e46-54e4f8dd525a":[[29.75471063,-95.64496707],[29.75470722,-95.64508103],[29.75497557,-95.64508148],[29.75498074,-95.64497417]],"492667ff-c2b6-4248-b2d1-e0b430b72647":[[29.75457607,-95.64496354],[29.75457296,-95.64508033],[29.75470301,-95.64508092],[29.75470642,-95.64496696]],"4da36177-141c-41b1-8f40-fbd037345b8d":[[29.75408086,-95.64495052],[29.75408067,-95.64503532],[29.75409147,-95.64507145],[29.75456875,-95.64508022],[29.75456408,-95.64496322]],"a6632210-0cbc-4288-9b8f-36cec06dd2a8":[[29.75334946,-95.6449313],[29.75336372,-95.64497838],[29.75344751,-95.64498719],[29.75344769,-95.64501927],[29.75345562,-95.64503457],[29.75368195,-95.64503674],[29.75368523,-95.64494013]]}