{"8fffa97e-d99f-4285-a193-54bfaa04bc73":[[29.82993628,-95.66913525],[29.83027709,-95.66877924],[29.83013855,-95.66861826],[29.83005694,-95.66870162],[29.8298142,-95.66896701]],"18791fe6-1ba3-4390-8835-0073f23492e7":[[29.82999743,-95.66868404],[29.83000995,-95.66867033],[29.8299856,-95.66836078],[29.82974935,-95.6683896],[29.82977655,-95.66870976]],"a8047f50-e34b-4486-8db0-fab80e981e37":[[29.83161647,-95.66676956],[29.83161795,-95.66669633],[29.83152397,-95.66669814],[29.83152236,-95.66677784]],"3b76a2d4-1d9f-4cb3-870b-6471cc59f9a7":[[29.83171659,-95.66807988],[29.8317217,-95.66799799],[29.83165607,-95.66799228],[29.8316111,-95.66799108],[29.83161183,-95.66806916]],"ec4492f5-1602-4fc2-a6dd-af6afefa277a":[[29.83165893,-95.66790768],[29.83166211,-95.66780722],[29.83149995,-95.66778306],[29.8314859,-95.66779054],[29.8314859,-95.66787091],[29.8314979,-95.66788488],[29.83160441,-95.66787523],[29.83161683,-95.66790052]],"396ee098-fab2-4b2e-9245-f0985cad472e":[[29.83198532,-95.66777645],[29.83182549,-95.66776789],[29.83181654,-95.66783877],[29.83183532,-95.66783927],[29.83183091,-95.66787147],[29.83198332,-95.66787553]],"3204efdb-eef3-4f16-a684-df5502ddea23":[[29.83172592,-95.66547865],[29.83173273,-95.66542723],[29.83157751,-95.66540194],[29.83156253,-95.66545844]],"53199643-970d-4915-867e-73b5913d8e02":[[29.83170956,-95.66577457],[29.83172093,-95.66572592],[29.83164293,-95.66570401],[29.83163154,-95.66575398],[29.83167634,-95.66576311]],"28fd627e-87d5-476c-b9e9-01d3caff5dff":[[29.83191412,-95.66554017],[29.8319315,-95.66548153],[29.83188766,-95.66546517],[29.83187175,-95.66552385]],"582bae3d-184b-4311-84b4-73df70df200c":[[29.82990964,-95.66808637],[29.82995779,-95.66811875],[29.82996328,-95.66811579],[29.83002477,-95.66815888],[29.83003565,-95.6681571],[29.83006672,-95.66818488],[29.83011587,-95.66807838],[29.82995892,-95.66797366]],"8eea1ea9-a002-4cd5-ac3c-74b1e9f2f768":[[29.83013453,-95.6680871],[29.83007672,-95.66816794],[29.83007728,-95.6681683],[29.83006432,-95.66819369],[29.8302065,-95.66832744],[29.83028833,-95.66821351]],"8c065a31-effd-4221-a239-d887c987e955":[[29.83145372,-95.66726192],[29.83144756,-95.66700054],[29.83155791,-95.66699512],[29.83155384,-95.66688767],[29.83148732,-95.6668859],[29.83147874,-95.66689879],[29.83145271,-95.66690048],[29.83145669,-95.66685765],[29.83146938,-95.66684725],[29.83147032,-95.66680076],[29.83145992,-95.66674919],[29.83133108,-95.66674338],[29.83133929,-95.66726365]]}