{"10cb4ac1-fa07-4b8e-95a1-f8d29ad7afa4":[[29.82814381,-95.67512793],[29.82814471,-95.67502459],[29.82801745,-95.67501623],[29.82801679,-95.67493125],[29.82798096,-95.6749303],[29.82798375,-95.67479546],[29.82787455,-95.67479074],[29.82787241,-95.67482326],[29.82790022,-95.67482674],[29.82789783,-95.67486596],[29.8277992,-95.67486241],[29.82780258,-95.67478806],[29.82767766,-95.67477877],[29.82768092,-95.67489029],[29.82773591,-95.67488902],[29.82772891,-95.67495917],[29.8276819,-95.67495975],[29.82768035,-95.67515429],[29.82770818,-95.67515686],[29.82770623,-95.67529201],[29.82766543,-95.67534026],[29.82771701,-95.67540783],[29.82773969,-95.67540404],[29.82787418,-95.67540411],[29.82787074,-95.67536578],[29.82788571,-95.67536442],[29.82793097,-95.67540486],[29.8279714,-95.67535848],[29.82793229,-95.67529668],[29.8279285,-95.67525703],[29.82798326,-95.67525287],[29.82798904,-95.6751389],[29.82805004,-95.67513929],[29.82806699,-95.6751246]],"7e7df25b-4f8c-40c5-9289-fbe13f14167c":[[29.82805575,-95.67556336],[29.82805438,-95.6754991],[29.82774232,-95.67550685],[29.82774454,-95.67541346],[29.82772736,-95.67541228],[29.82771574,-95.67540923],[29.82771722,-95.67541941],[29.82771637,-95.67550511],[29.82766091,-95.67550525],[29.82766263,-95.67553746],[29.82757573,-95.67553941],[29.82757596,-95.67552846],[29.82757989,-95.67552809],[29.82757946,-95.67551503],[29.82757594,-95.67551526],[29.82757666,-95.67544899],[29.82758165,-95.67544745],[29.82758059,-95.67542768],[29.82757532,-95.67542854],[29.82757465,-95.67536091],[29.82758051,-95.67536006],[29.82757882,-95.67534262],[29.82757151,-95.67534309],[29.82757255,-95.67533509],[29.82767136,-95.67533775],[29.82770855,-95.67529672],[29.82771048,-95.6752688],[29.8276744,-95.67526847],[29.82767278,-95.67527572],[29.82765758,-95.67527598],[29.82765798,-95.67525818],[29.82763133,-95.67525669],[29.82763036,-95.67526954],[29.82760169,-95.67526874],[29.82760235,-95.67524208],[29.82756739,-95.67524206],[29.82756582,-95.6752907],[29.82753405,-95.67529277],[29.82753978,-95.67558904]],"04a017ef-6c14-42af-ad08-32436ff2dad6":[[29.82813513,-95.67557367],[29.82813126,-95.67547684],[29.82805705,-95.67548122],[29.82805867,-95.67557397]],"975c5e9f-8b7f-42d0-aaea-81445c49f688":[[29.82753738,-95.67469342],[29.82759234,-95.67462259],[29.82753992,-95.67456787]],"bae71831-44e0-49fd-a5e1-9624935cb2ac":[[29.82754459,-95.67433758],[29.82757863,-95.67433806],[29.82758,-95.67427636],[29.8275458,-95.67427768]],"b66a2de4-d20c-4671-a5bd-429d152bd90b":[[29.83170568,-95.67775674],[29.83167145,-95.67752517],[29.8315591,-95.67754541],[29.83156478,-95.67766667],[29.83155438,-95.67766788],[29.83153592,-95.67754012],[29.83141605,-95.67755884],[29.83143118,-95.67775567],[29.83154769,-95.67774507],[29.83155578,-95.67777818],[29.83162454,-95.67776539],[29.8316136,-95.67767649],[29.83162558,-95.67767498],[29.83163895,-95.67776212]],"39f5a18c-d1fb-4aa7-8204-ce8984f1d1b0":[[29.83141902,-95.67776631],[29.83140322,-95.67756307],[29.83127074,-95.67757598],[29.83126111,-95.67757938],[29.83128058,-95.67779733],[29.83134994,-95.67779461],[29.83134111,-95.67771946],[29.83135072,-95.67771698],[29.83135647,-95.67778656]],"4f049454-a454-4d60-8bd2-cbc6a1eada70":[[29.83159971,-95.67742789],[29.83160982,-95.67738308],[29.83167886,-95.67739589],[29.83170967,-95.67721217],[29.83164147,-95.67719756],[29.83163789,-95.67721665],[29.83159985,-95.67720419],[29.83158561,-95.67729565],[29.83156532,-95.67729967],[29.83154788,-95.67741473]],"41466d22-ea4a-44f6-a826-b40c0047af38":[[29.83152795,-95.67745321],[29.83156252,-95.67724384],[29.83149154,-95.67722321],[29.83148044,-95.67728817],[29.83145084,-95.67727729],[29.83143901,-95.67732969],[29.83142051,-95.67732584],[29.831409,-95.67740978],[29.8314576,-95.67741891],[29.83145724,-95.67743693]],"d342eecc-786e-4edc-89af-7a4aceca2092":[[29.83139561,-95.67743762],[29.83142912,-95.67723212],[29.83135767,-95.67721058],[29.83134782,-95.67726248],[29.83134666,-95.67727142],[29.83128918,-95.67726035],[29.8312778,-95.67733913],[29.8313139,-95.67734346],[29.831313,-95.67736363],[29.83127697,-95.67735593],[29.83126203,-95.67741779],[29.83136274,-95.67744291]],"f9e892d5-7797-4649-b967-ddc9bf26f716":[[29.83168419,-95.67685836],[29.83167418,-95.67674735],[29.83168955,-95.67674557],[29.8316864,-95.67669275],[29.83169713,-95.67669259],[29.83169438,-95.67663935],[29.83167019,-95.67664178],[29.83166969,-95.67666681],[29.8315424,-95.67667089],[29.83156245,-95.67685336],[29.83162853,-95.67684457],[29.83163365,-95.67687547]],"6fa503cd-dcfe-4b25-87f3-9dfc2547ce91":[[29.83155264,-95.67682834],[29.83153766,-95.67664117],[29.83151216,-95.67661369],[29.83145582,-95.67661482],[29.83145617,-95.67663505],[29.8314105,-95.67663866],[29.83141788,-95.67672851],[29.83145241,-95.67672591],[29.83146095,-95.67677711],[29.83147747,-95.67677492],[29.8314867,-95.6768301],[29.83154519,-95.67683649]],"d1e44fd2-6cd5-4abf-bed8-e5c524cbfd06":[[29.83140887,-95.67679649],[29.83141146,-95.67674103],[29.83140485,-95.67672964],[29.83139747,-95.67668345],[29.83140153,-95.67665215],[29.8313902,-95.67658398],[29.83129828,-95.67660733],[29.83131119,-95.67666993],[29.83126262,-95.67667761],[29.83127175,-95.67678217],[29.83132375,-95.67677402],[29.83132398,-95.67681105]],"2c324237-3d61-4ce3-a403-374cf62607ad":[[29.83155031,-95.67656332],[29.8315834,-95.67632976],[29.83150085,-95.6763012],[29.83149334,-95.67638245],[29.83144928,-95.67638451],[29.83141454,-95.67653053]],"7a0ec958-14d3-48e9-af59-529baa533c98":[[29.83139663,-95.67656931],[29.83140965,-95.67650628],[29.83140272,-95.67648647],[29.83141659,-95.6764773],[29.83141542,-95.67641446],[29.83143004,-95.67641709],[29.83144109,-95.67633045],[29.83134774,-95.67630384],[29.83129739,-95.67654423]],"198adc6a-d3fc-4ddc-98f0-74c5b6520416":[[29.83170853,-95.676062],[29.83168976,-95.67581812],[29.83167348,-95.67578977],[29.83161595,-95.67579539],[29.83162139,-95.67583491],[29.83155829,-95.67585342],[29.83156504,-95.67599623],[29.83162569,-95.67599459],[29.83163108,-95.67606494]],"f9c5cf80-ee41-41cf-8f0f-2956fe775644":[[29.83154437,-95.67588678],[29.83155625,-95.6758241],[29.83155962,-95.67578124],[29.83154917,-95.67574231],[29.83149979,-95.67574601],[29.83149982,-95.67580613],[29.83144685,-95.67580257],[29.83144796,-95.67577827],[29.83140803,-95.67577792],[29.83141089,-95.67588322],[29.83145546,-95.67588575],[29.83146449,-95.67584688],[29.83148558,-95.6758507],[29.8314849,-95.67588436]],"9ce0fcee-8c7b-408f-b670-fe2bf5a99043":[[29.8318341,-95.67524917],[29.83171636,-95.67520908],[29.83167335,-95.67542498],[29.83174378,-95.67544873],[29.83175768,-95.67539021],[29.83179466,-95.67539905],[29.8318092,-95.67535737],[29.83182525,-95.67536173],[29.83183408,-95.67524989]],"af189501-dac0-496e-8217-56cd8b4a3847":[[29.83167783,-95.67537818],[29.83168638,-95.6752682],[29.83167589,-95.67523411],[29.83166268,-95.67523376],[29.83167119,-95.67521533],[29.83162175,-95.67519652],[29.83156861,-95.67521026],[29.83153009,-95.67543897],[29.83160591,-95.67546028],[29.83162538,-95.67535888],[29.83163886,-95.67536027],[29.83163581,-95.6753774]],"c53c6d65-bdf8-43ba-b1e5-24f9ced2b7ba":[[29.83140742,-95.6759061],[29.83140894,-95.67583108],[29.83138528,-95.67582804],[29.83138225,-95.67580007],[29.83138682,-95.67579675],[29.83138823,-95.67575684],[29.83140746,-95.67575598],[29.83140655,-95.67571188],[29.8313055,-95.67570609],[29.83128414,-95.67570828],[29.83128668,-95.6757562],[29.83126441,-95.67576067],[29.83127288,-95.67587712],[29.83131817,-95.67587769],[29.83132508,-95.6758429],[29.8313363,-95.67584277],[29.83133389,-95.67589997]],"7355bf36-9dc2-49f8-a875-f4b144639043":[[29.82794272,-95.67477786],[29.82794432,-95.67474706],[29.82788863,-95.67474445],[29.82788993,-95.67477645]]}