{"3c8643c2-6734-4ed4-8f06-3b338b3843a1":[[29.83131591,-95.63811312],[29.83130542,-95.63780322],[29.83084403,-95.63781651],[29.83084394,-95.63812052]],"8c935b1b-acca-43e6-8ffa-6925e4f69b33":[[29.83027965,-95.63939399],[29.83028662,-95.63928832],[29.83028127,-95.63918758],[29.82994897,-95.6391847],[29.82994975,-95.63939383]],"5d441a7d-9df8-49cf-bc92-90619b487c43":[[29.83026385,-95.63881882],[29.83026963,-95.63871733],[29.83015524,-95.63872382],[29.83015496,-95.63882052]],"139f6b2f-7bda-417c-8d3f-f40a7ed0cd69":[[29.82910785,-95.63902805],[29.82907887,-95.63890384],[29.82886591,-95.63895332],[29.82889166,-95.63907365]],"ca685718-aa70-4d6a-954d-79e2ed2fdc96":[[29.83014103,-95.63905425],[29.83014439,-95.63895358],[29.83004051,-95.63895591],[29.83003149,-95.63904366]],"36986df9-de27-4782-a0c5-553d91049a0c":[[29.83000911,-95.6390395],[29.83001872,-95.63896459],[29.8299559,-95.63895363],[29.82994244,-95.63903383]],"319c7e83-e8c3-4e4a-84a3-f12f5aa5e362":[[29.82892091,-95.63834287],[29.82890708,-95.63799851],[29.82875703,-95.63799694],[29.82875741,-95.63807973],[29.82873646,-95.63805936],[29.82856869,-95.63806078],[29.82856964,-95.63831848],[29.82871827,-95.6383084],[29.82878325,-95.63831244],[29.82878974,-95.63834409],[29.82885267,-95.63834778]]}