{"2d02a69d-d555-4135-a806-27ea6acc0a9e":[[29.47367941,-95.56788321],[29.4736702,-95.56790368],[29.47367478,-95.56792003],[29.4736991,-95.56792904],[29.47371524,-95.56793001],[29.47371938,-95.56791836],[29.47372169,-95.56790051],[29.47372237,-95.56789045],[29.47372098,-95.5678865],[29.47371133,-95.56787898],[29.47369895,-95.56788594],[29.47368193,-95.56787935]],"6480daa3-656c-4915-ae26-a75f7e8421e5":[[29.4734596,-95.56786223],[29.47347371,-95.56786698],[29.4734818,-95.56786543],[29.47349065,-95.56786389],[29.47349619,-95.56785526],[29.47350002,-95.56783563],[29.47349337,-95.56782274],[29.47347777,-95.56781577],[29.47345602,-95.56780952],[29.47344687,-95.56782595],[29.4734461,-95.56784611]],"9930a70b-31e5-476a-8009-0ab329ce62bf":[[29.47345695,-95.56788015],[29.47345193,-95.56788221],[29.47344471,-95.56789826],[29.47344402,-95.56791403],[29.47344855,-95.56791809],[29.47345811,-95.56791964],[29.47347671,-95.5679302],[29.47348974,-95.56793097],[29.47349479,-95.56792759],[29.47350456,-95.56791862],[29.47351073,-95.56789729],[29.47350479,-95.56788705]],"48c63c47-d732-4ba5-afe6-6622d6735b5b":[[29.47374023,-95.56784497],[29.47374705,-95.56784961],[29.47376135,-95.5678565],[29.47378025,-95.5678587],[29.47378938,-95.56785274],[29.47379771,-95.56784196],[29.47380395,-95.56783009],[29.47380219,-95.56781218],[29.47379022,-95.56779366],[29.47375456,-95.56778795],[29.47374178,-95.56779588],[29.47373326,-95.56781662]],"217d758a-8bbc-4136-8d45-f3b0c8a5ad1b":[[29.4737207,-95.56785806],[29.47372809,-95.56783026],[29.47372679,-95.56782127],[29.47372206,-95.56781276],[29.47371489,-95.56780362],[29.47370129,-95.56779768],[29.47369492,-95.56779808],[29.47368475,-95.56779223],[29.47366897,-95.56779743],[29.47365699,-95.56780944],[29.47365323,-95.56782669],[29.47365574,-95.56784859],[29.47366338,-95.56785885],[29.47369901,-95.56786535],[29.47371228,-95.56786288]]}