{"22427428-775e-4103-bcba-9267c213019c":[[29.47038028,-95.5639398],[29.47035677,-95.56386277],[29.47028308,-95.56389163],[29.47031236,-95.56396166]],"c0b13ca0-298c-415d-8af9-756401800a5d":[[29.470161,-95.56380427],[29.47018259,-95.56378696],[29.47015876,-95.5637585],[29.47014213,-95.56377808]],"5092709d-9d31-447b-b78b-46825de3ce48":[[29.47012508,-95.5637548],[29.47014355,-95.56373669],[29.47010286,-95.56367495],[29.47007618,-95.56369714]],"5bc2b9f2-d7c4-4ebf-a7ab-d5fcab974efc":[[29.46886073,-95.56638029],[29.46901209,-95.56641529],[29.46901418,-95.56630694],[29.46885466,-95.56629104]]}