{"e26695f3-4b5a-46b4-a617-e92e76d32a64":[[29.55561911,-95.64085447],[29.55566714,-95.64076552],[29.55561223,-95.64072441],[29.555591,-95.64073468],[29.55555355,-95.64082029]],"2e6ddbd2-fddf-40e9-be42-1eb60d31710f":[[29.55550774,-95.64063871],[29.55556564,-95.64047667],[29.55548976,-95.64043261],[29.55543184,-95.64059585]]}