{"7649e46e-9689-4bbc-ad36-d8692ce3dbb0":[[29.55593223,-95.64097478],[29.55597164,-95.64094544],[29.5559464,-95.64087997],[29.55590144,-95.64090871]],"309f8f20-2428-45e2-8ab0-cc6068e6e6b6":[[29.55706352,-95.64111367],[29.55714694,-95.64111526],[29.55714867,-95.64100309],[29.55706693,-95.64099344]]}