{"955c4f2e-7168-41c4-8fd4-647706684063":[[29.78351677,-95.62875803],[29.7835274,-95.62800102],[29.78230947,-95.62797446],[29.78229193,-95.62873655],[29.78315709,-95.62874823]],"c884c695-527a-4f6d-8e77-af1479bf718e":[[29.78170225,-95.62589523],[29.78173697,-95.62604286],[29.78145763,-95.62651725],[29.78052169,-95.62643482],[29.78050916,-95.62666428],[29.78072336,-95.62669836],[29.78073088,-95.62678289],[29.78066686,-95.62676541],[29.78065184,-95.62701611],[29.78113634,-95.62706857],[29.78127352,-95.62710358],[29.78118164,-95.62723742],[29.78122968,-95.62736518],[29.78134853,-95.62739991],[29.78143742,-95.62732317],[29.78146918,-95.62711316],[29.78172637,-95.62713905],[29.78239733,-95.62613936],[29.78229511,-95.62591071]],"4fc97d60-0407-4d01-87e5-6a3ea901a800":[[29.78034045,-95.62585967],[29.78038261,-95.62592057],[29.78046076,-95.62586281]],"b173bc93-4a25-4222-91b4-966ed34092d9":[[29.77942559,-95.62601915],[29.77986256,-95.62604827],[29.77985487,-95.62584699],[29.77942923,-95.62583588]],"2877f79b-eb1f-4e83-949f-991501396939":[[29.77940879,-95.62686368],[29.77959058,-95.62683437],[29.77958588,-95.62624858],[29.77942087,-95.62625616]],"b7d5d4e8-5ec2-4753-a10e-e674e434faaa":[[29.77937917,-95.62835313],[29.77943441,-95.62816047],[29.77942084,-95.62816012],[29.77946788,-95.62797924],[29.77948543,-95.62798437],[29.77950216,-95.62789453],[29.77949004,-95.62788954],[29.77951764,-95.62772528],[29.77954263,-95.62772945],[29.77956071,-95.62756625],[29.77951997,-95.62755639],[29.77949891,-95.62748725],[29.77942928,-95.62747535],[29.77941104,-95.62750605],[29.77939604,-95.62750473]],"a0378e7c-40d4-4817-8dd9-675a16d05a2e":[[29.78210606,-95.6283906],[29.78211312,-95.62799072],[29.78011834,-95.62796873],[29.78010872,-95.62837951],[29.78117627,-95.62838578]],"90822ab6-765e-446c-b33c-34b2185a6337":[[29.78098158,-95.62857986],[29.78061205,-95.62858035],[29.78060968,-95.62851834],[29.78004084,-95.62849934],[29.77999884,-95.62879972],[29.78041453,-95.62879177],[29.78037945,-95.62886335],[29.78094526,-95.62885337],[29.78094499,-95.62873347],[29.78104854,-95.6287351],[29.78104322,-95.629079],[29.78083951,-95.62909839],[29.78084331,-95.62981296],[29.78154537,-95.62983545],[29.78149996,-95.62976405],[29.78169432,-95.62977326],[29.78170059,-95.62909613],[29.78125025,-95.62909674],[29.7812576,-95.62890837],[29.78158046,-95.62891254],[29.78154581,-95.62897114],[29.78209905,-95.62898678],[29.78211167,-95.62871453],[29.78177664,-95.62871404],[29.78178884,-95.62864415],[29.7812736,-95.6286472],[29.7812786,-95.62857712],[29.78112,-95.62858123]],"b8ea63fb-a0c3-42a6-bebc-4751604ab08d":[[29.78299833,-95.62960617],[29.78289942,-95.62949748],[29.78294517,-95.6294438],[29.78266523,-95.62913036],[29.78261837,-95.62918646],[29.78254462,-95.62909672],[29.78244725,-95.62917833],[29.78247917,-95.6292316],[29.78242578,-95.62929484],[29.78242638,-95.62931803],[29.78239433,-95.62937817],[29.78247538,-95.62947542],[29.7825065,-95.62941772],[29.78251679,-95.62942554],[29.7825766,-95.62936099],[29.78274695,-95.62956789],[29.78268791,-95.62964806],[29.7827931,-95.62976179],[29.7828576,-95.62967445],[29.78289709,-95.62972182],[29.78292672,-95.62967626],[29.78294013,-95.62969734],[29.78300258,-95.62960628]],"594b227b-3897-4f37-a548-6379968921d0":[[29.78160972,-95.6308306],[29.78228148,-95.63084818],[29.78228339,-95.63082014],[29.78225755,-95.63082258],[29.78226116,-95.63077753],[29.78223803,-95.63078004],[29.78224583,-95.63072888],[29.78222002,-95.63072976],[29.78222909,-95.6306833],[29.78219655,-95.6306809],[29.7822011,-95.63063085],[29.7820105,-95.63062499],[29.78201385,-95.63051424],[29.78187111,-95.63052296],[29.78186889,-95.63056648],[29.78183079,-95.63057015],[29.78183273,-95.63060912],[29.78179452,-95.63061901]],"29b9f866-06c7-4959-90c6-757f48182538":[[29.783457,-95.63087893],[29.7834593,-95.63076382],[29.78335972,-95.63076628],[29.7833653,-95.63070812],[29.78294741,-95.63070225],[29.7829246,-95.63073715],[29.78246239,-95.6307352],[29.78246226,-95.63085291]],"558912f4-c790-43aa-b9a7-9a461f4461dc":[[29.77988936,-95.63032657],[29.77989291,-95.63017263],[29.77989159,-95.62999438],[29.77967074,-95.62996491],[29.77965506,-95.63032691]],"ac250683-dd72-4940-856b-f24f462f089b":[[29.78106733,-95.63081641],[29.78106493,-95.63076313],[29.78049848,-95.63075228],[29.78050096,-95.63080159]],"40b1fae9-999c-4c25-9320-1ef5a6a4bcf0":[[29.78369535,-95.6280269],[29.78365353,-95.62802891],[29.78365436,-95.6280554],[29.7835657,-95.62805075],[29.78355721,-95.62857614],[29.78358132,-95.62857901],[29.7835776,-95.62873315],[29.78356703,-95.62873886],[29.78356949,-95.62877936],[29.78366487,-95.62877811],[29.78365523,-95.62880331],[29.78367992,-95.62880247]],"c1020f60-3d69-4deb-81b6-b529a39eb904":[[29.77964915,-95.6306556],[29.7796498,-95.63048187],[29.7796117,-95.63048271],[29.77961136,-95.63066058],[29.77964995,-95.63065608]]}