{"974c0701-235b-4a39-8d55-4a1e5b18c7d4":[[29.46278897,-95.55848466],[29.46279517,-95.55847123],[29.46279627,-95.5584554],[29.46279011,-95.55844574],[29.46278036,-95.55843779],[29.46276492,-95.5584365],[29.46274659,-95.55844147],[29.46273961,-95.55845398],[29.46274376,-95.55846496],[29.4627499,-95.55847553],[29.46276202,-95.55848399],[29.46277427,-95.55848611]],"b75028f3-8616-480e-93df-0e22d714c0ff":[[29.46272183,-95.55851287],[29.46273402,-95.55849733],[29.46273503,-95.55848603],[29.4627359,-95.55848197],[29.46273017,-95.5584705],[29.46272491,-95.55845588],[29.46271598,-95.55844614],[29.4627025,-95.55844625],[29.46269141,-95.55844552],[29.46267827,-95.55844882],[29.46266815,-95.55845943],[29.46266625,-95.55847569],[29.46267881,-95.55850319],[29.46268268,-95.55850781]],"fabe79d6-4f34-45ef-aafa-4ec59fc72f9b":[[29.46265275,-95.55851242],[29.46265888,-95.55850261],[29.46266183,-95.55849362],[29.46266209,-95.55848004],[29.46265996,-95.5584673],[29.46265585,-95.55845406],[29.46264723,-95.55844886],[29.46263189,-95.55844259],[29.46262363,-95.55843921],[29.46261967,-95.55843911],[29.46260724,-95.5584465],[29.46260337,-95.55846226],[29.4626047,-95.55847543],[29.46260551,-95.55849538],[29.46260815,-95.55850224],[29.46262305,-95.55851077],[29.4626329,-95.55851373],[29.46263842,-95.55851568]],"2eb580db-dad8-40c3-a5e1-cb162c67bc3f":[[29.46254239,-95.55849738],[29.46255302,-95.55850128],[29.46256285,-95.5585056],[29.46257157,-95.55850537],[29.46258038,-95.55850106],[29.46259434,-95.55849642],[29.46259644,-95.55849014],[29.46259901,-95.55848023],[29.46259439,-95.55847332],[29.46259195,-95.5584556],[29.46259119,-95.55845422],[29.46257825,-95.55844665],[29.46257273,-95.55844515],[29.46256443,-95.55844403],[29.46255927,-95.55844436],[29.46254334,-95.55844803],[29.46253686,-95.55845512],[29.46253271,-95.55846498],[29.46253388,-95.55848675]],"2f6a183c-a06e-4366-b373-9f1f67184502":[[29.46231547,-95.55831119],[29.46234306,-95.55829866],[29.46236512,-95.55830041],[29.46237773,-95.55830073],[29.46238429,-95.55828767],[29.46238158,-95.55826477],[29.4623744,-95.55825498],[29.46234284,-95.55825538],[29.46233644,-95.55826003],[29.46232161,-95.55826567]],"142f4316-0981-4c95-81b2-154423326121":[[29.46041414,-95.55735724],[29.46042411,-95.55736501],[29.46043888,-95.55736018],[29.46044349,-95.55735682],[29.46044774,-95.55734652],[29.46045272,-95.5573241],[29.46044487,-95.55731176],[29.46043741,-95.55730464],[29.46042489,-95.55729797],[29.4604117,-95.55729995],[29.4604061,-95.55730212],[29.46039328,-95.55731105],[29.460387,-95.55732187],[29.46038717,-95.55733922],[29.46038894,-95.55735256],[29.46040211,-95.55735174]],"3508b5ff-4383-46b7-84ba-457928b2621f":[[29.46035688,-95.55737781],[29.46036759,-95.55737345],[29.46037749,-95.55735867],[29.4603806,-95.5573547],[29.46038102,-95.55733274],[29.46037567,-95.55732163],[29.46036631,-95.55730867],[29.46036076,-95.55730795],[29.4603541,-95.55731183],[29.46034506,-95.55730872],[29.46033399,-95.55730555],[29.46032581,-95.55730997],[29.4603144,-95.55732413],[29.46030915,-95.55733441],[29.46031852,-95.55734678],[29.46032138,-95.55735611],[29.46032017,-95.55736648],[29.46032923,-95.55736902],[29.46033776,-95.5573727]],"8ced9284-08a9-4769-9ecf-c6c599298b95":[[29.46030339,-95.5573873],[29.46031012,-95.55737937],[29.4603133,-95.55737194],[29.46031195,-95.55736323],[29.46030859,-95.5573539],[29.46030724,-95.55734519],[29.46029998,-95.55732767],[29.46029356,-95.55731999],[29.4602768,-95.55732304],[29.46027226,-95.55732235],[29.46026356,-95.55732733],[29.46025445,-95.55732768],[29.46024383,-95.55732741],[29.46023971,-95.55733136],[29.46023141,-95.55734213],[29.46023106,-95.55736005],[29.46023789,-95.55737351],[29.46025189,-95.55738196],[29.46026688,-95.55739159]],"192544e0-7403-4f90-9f72-aca108d52284":[[29.46031563,-95.55717585],[29.46031829,-95.55716898],[29.46031591,-95.55716141],[29.46031967,-95.55714994],[29.46031688,-95.55713715],[29.46030841,-95.55713058],[29.46029631,-95.55712854],[29.46026992,-95.5571325],[29.46026486,-95.55713238],[29.46026017,-95.55713977],[29.46026204,-95.55714791],[29.46026488,-95.55715781],[29.46026515,-95.55716996],[29.46027519,-95.55717426],[29.46028269,-95.55717907],[29.4603014,-95.55717954]]}