{"113f1086-d778-4218-814c-f70ceb94f893":[[29.53710358,-95.63765],[29.53700542,-95.63753579],[29.5369738,-95.63758282],[29.53691075,-95.63752695],[29.53675061,-95.63772377],[29.53692824,-95.63791023]],"da35b290-6a1b-4bf3-8907-b5d30fb1eb00":[[29.53645979,-95.63860892],[29.53647777,-95.63855048],[29.53640997,-95.63852346],[29.53640841,-95.63854867],[29.53639303,-95.63858194]],"d3bb169b-f658-4619-9599-4a4a28c6236e":[[29.53625204,-95.63854453],[29.53622567,-95.63863538],[29.53624492,-95.63864404],[29.53623588,-95.63868006],[29.53629757,-95.63870658],[29.53630981,-95.63866884],[29.53634296,-95.63867559],[29.53637005,-95.63858883],[29.53635045,-95.6385779],[29.53635305,-95.63856664],[29.5363212,-95.63855403],[29.5363162,-95.63856659]],"f2a43e40-9806-483c-a509-a31512d99b41":[[29.53653935,-95.63758424],[29.53653926,-95.63748324],[29.53642163,-95.63747657],[29.53641105,-95.63758571]],"aad3b0a8-3a57-4e28-b8eb-97b0f5b2be6f":[[29.53462638,-95.63839153],[29.53457608,-95.63822431],[29.53453672,-95.63824733],[29.53459677,-95.63840038]],"17112967-2435-47b2-80c0-671626f6598c":[[29.53455523,-95.63832115],[29.5345232,-95.63823977],[29.53446478,-95.63826951],[29.53450207,-95.63835103],[29.53455303,-95.63832591]],"f70d3cc7-1b94-43d8-98e8-639cce9bdca7":[[29.53440328,-95.63824266],[29.53439144,-95.63820388],[29.53436707,-95.63821287],[29.53437894,-95.63825045]],"3f70981f-109b-4612-87bf-2d7eef02e4b8":[[29.53440043,-95.63884014],[29.53437993,-95.63879344],[29.53435084,-95.63880682],[29.53437374,-95.6388564]],"0ba3a676-0f64-45ae-8e04-45726e27759d":[[29.53617155,-95.63861931],[29.53619664,-95.63863742],[29.5362152,-95.63857389],[29.53618173,-95.63856836]],"fda9cdde-86f4-410d-bef2-0eef83d4e22e":[[29.53864785,-95.6367685],[29.53834521,-95.6369681],[29.53838915,-95.63706958],[29.53864535,-95.63689415]],"addcdbfa-f99e-4600-bd37-cf6732578bb9":[[29.53864494,-95.63691501],[29.53838915,-95.63706958],[29.53843293,-95.63715813],[29.53864285,-95.63702031]],"59eec30d-c0aa-4d39-98c1-50ddb243b987":[[29.53864271,-95.63702718],[29.53843293,-95.63715813],[29.53846318,-95.63723421],[29.53864108,-95.63710954]],"a85d2586-e123-419a-9dbe-ae076580effe":[[29.53864076,-95.63712545],[29.53847187,-95.63724148],[29.53851221,-95.63731501],[29.53853542,-95.63730222],[29.53863852,-95.6372386]],"07b66567-981a-45aa-a6d0-2b97cd1d9ab1":[[29.53863807,-95.63726106],[29.53852024,-95.6373369],[29.53855242,-95.63739659],[29.53863623,-95.63733945],[29.53863782,-95.63727354]],"e9132b40-6955-488d-98e1-58daff2f6a69":[[29.53863637,-95.63734672],[29.53855737,-95.63740563],[29.53859044,-95.63746728],[29.53863442,-95.63744507]],"e51baae5-8a26-4375-af33-85e446a84eb9":[[29.53864047,-95.63664583],[29.53851262,-95.63637777],[29.53810389,-95.63663659],[29.53824411,-95.63690029]],"8db3dedf-2e2c-4746-bb05-385125a1152b":[[29.53805909,-95.63726715],[29.53797759,-95.6373221],[29.53817664,-95.63771853],[29.53825915,-95.63766799]],"afa39683-316b-4254-8f70-99a5d4598014":[[29.53814267,-95.63721079],[29.53806088,-95.63726594],[29.53826099,-95.63766688],[29.53833469,-95.63762173]],"50aa27ee-7a18-43c6-8f97-99712e8e8e7d":[[29.53821447,-95.63716237],[29.53814451,-95.63720953],[29.53833657,-95.63762058],[29.53841536,-95.63757234]],"9d0e7808-0b7d-4be1-ae03-8641b56ad12a":[[29.53828109,-95.63711742],[29.53821626,-95.63716116],[29.53841724,-95.63757123],[29.53847976,-95.63753293]],"62334d90-4163-42d9-a37e-4bea2f53d88a":[[29.53833891,-95.63707846],[29.53828292,-95.63711622],[29.53848164,-95.63753182],[29.53854373,-95.63749378]]}