{"cc053ee3-93b7-4287-bd03-0d6b9d4b1db9":[[29.7825093,-95.6226606],[29.78250984,-95.62263315],[29.78249958,-95.62263289],[29.78251062,-95.62259394],[29.78249951,-95.62255049],[29.78242132,-95.62254286],[29.78232735,-95.62253302],[29.78224933,-95.62253172],[29.78224927,-95.62253468],[29.78210279,-95.62253417],[29.78209712,-95.62254038],[29.78208128,-95.62254087],[29.78205401,-95.62255786],[29.78204958,-95.62262175],[29.78205355,-95.6226214],[29.78205878,-95.62265694],[29.78207819,-95.62265654],[29.78224012,-95.62266485],[29.78224043,-95.62264949],[29.78233305,-95.62264422],[29.78233948,-95.62265822],[29.7824734,-95.62266633]],"7b4241e9-562c-495f-a442-ac07ee05db42":[[29.78294652,-95.62267215],[29.78295268,-95.62262655],[29.78293478,-95.62262849],[29.78294156,-95.62260458],[29.78292497,-95.62254032],[29.78285262,-95.62253361],[29.78285751,-95.62255181],[29.7828031,-95.62254075],[29.78278861,-95.62252954],[29.7827016,-95.62252004],[29.78269621,-95.62252713],[29.78257419,-95.62253478],[29.78253837,-95.62253987],[29.78252023,-95.62255385],[29.78250984,-95.62263315],[29.78253524,-95.62264456],[29.78262008,-95.62265762],[29.78262612,-95.62267102],[29.78269656,-95.62266804],[29.7826989,-95.62265606],[29.78278088,-95.62265458],[29.78278591,-95.62266556],[29.78286784,-95.62266649],[29.78286896,-95.6226629]],"cdbc1d34-567c-418a-8976-37ebca2bf3ce":[[29.78241617,-95.62238942],[29.78243223,-95.62232773],[29.78243333,-95.62227231],[29.78236503,-95.62226905],[29.78235961,-95.62224968],[29.78218733,-95.6222488],[29.78218511,-95.62225477],[29.78211896,-95.62225304],[29.78212387,-95.62227003],[29.78210392,-95.62226951],[29.78206919,-95.62237809],[29.78210786,-95.62238884],[29.78218976,-95.62239098],[29.78219093,-95.62238499],[29.78232751,-95.62238494],[29.78234793,-95.62230839],[29.78236459,-95.62231605],[29.78234106,-95.62239011]],"bf8a635c-2700-4aa7-bdc7-c668f8436db3":[[29.78255651,-95.62237689],[29.78255756,-95.62236559],[29.78257321,-95.62236506],[29.78257377,-95.62208764],[29.78255513,-95.622073],[29.78256755,-95.62206955],[29.78256829,-95.6220321],[29.78242366,-95.62202832],[29.78242391,-95.62213186],[29.78242138,-95.62226068],[29.78243333,-95.62227231],[29.78244691,-95.62239071],[29.78249903,-95.62239842]],"7563efe6-de81-40db-8650-603fc4e184f1":[[29.78336092,-95.6226679],[29.78336162,-95.62263243],[29.78334741,-95.62263354],[29.78335187,-95.62260408],[29.78333567,-95.62254303],[29.78326799,-95.62254053],[29.78326518,-95.62255228],[29.78320525,-95.62254998],[29.78320487,-95.62253666],[29.78315012,-95.62253302],[29.78314531,-95.62251515],[29.78312139,-95.62251822],[29.78311778,-95.62253735],[29.7830972,-95.62253459],[29.78309755,-95.62254939],[29.78307888,-95.62254743],[29.78308,-95.62252379],[29.78305319,-95.62252246],[29.78305357,-95.62254512],[29.78298454,-95.62253791],[29.78295294,-95.6225419],[29.78295763,-95.62265143],[29.78297201,-95.62266542],[29.7830355,-95.62265845],[29.78304248,-95.62266589],[29.78310615,-95.62266982],[29.78311427,-95.6226596],[29.7831998,-95.62265713],[29.78321216,-95.62266949],[29.78328051,-95.62267218],[29.78328074,-95.6226606]],"a87d0050-39d3-41b2-aa2c-d7fd16c081a8":[[29.78270392,-95.62237838],[29.7827433,-95.62238507],[29.78274936,-95.62241165],[29.78276497,-95.622413],[29.78277522,-95.62239439],[29.78283847,-95.62240076],[29.78284032,-95.62239043],[29.78287851,-95.62239081],[29.78287473,-95.62235375],[29.78289354,-95.62234832],[29.78289198,-95.62219967],[29.78290155,-95.6222051],[29.78291215,-95.62208834],[29.7829042,-95.62208352],[29.78289628,-95.62207717],[29.78289367,-95.62204058],[29.78268292,-95.62203508],[29.78269151,-95.62205799],[29.78267665,-95.62206375],[29.78266081,-95.62218631],[29.78267272,-95.6221943],[29.78267031,-95.6223833]],"800f8aaa-7533-4829-9536-9027f3a9339d":[[29.78299291,-95.62204317],[29.78298373,-95.62215597],[29.78298704,-95.62223815],[29.78298102,-95.6222512],[29.78298718,-95.62235516],[29.78299263,-95.62237135],[29.78301353,-95.62239643],[29.78301325,-95.62241057],[29.78321233,-95.62241671],[29.78321747,-95.62236494],[29.78322891,-95.62236902],[29.78322907,-95.62223691],[29.7832159,-95.62223657],[29.78321697,-95.62222433],[29.78321284,-95.62222517],[29.78321892,-95.62216776],[29.78322725,-95.62216232],[29.7832295,-95.62204934]],"35df8199-d859-4d86-b5ec-df9511b7cbb5":[[29.78416199,-95.62266899],[29.78419206,-95.62263606],[29.78419592,-95.62254704],[29.78405711,-95.62255425],[29.78405384,-95.62256019],[29.78403081,-95.62255598],[29.78401959,-95.62253882],[29.78400699,-95.62253849],[29.78399957,-95.62254191],[29.78399632,-95.62254665],[29.78398687,-95.6225464],[29.7839805,-95.62254985],[29.7839764,-95.62254492],[29.78396695,-95.62254468],[29.78396158,-95.62255056],[29.78395332,-95.62254312],[29.7839407,-95.62254399],[29.78395718,-95.62261307],[29.78394573,-95.62266094],[29.78403722,-95.62265611],[29.78402942,-95.62267878]],"b097fa8b-b423-46ed-b75d-2ffbbf3063fc":[[29.78393448,-95.62267279],[29.78395338,-95.62261175],[29.7839333,-95.62254472],[29.78391027,-95.62254834],[29.78388767,-95.62254997],[29.7838837,-95.62255504],[29.78386697,-95.62255313],[29.78386702,-95.62255017],[29.78385157,-95.62254903],[29.78384804,-95.62256446],[29.7838431,-95.62255324],[29.78383802,-95.62254941],[29.78382063,-95.62254822],[29.78378249,-95.6225524],[29.78378025,-95.62266547],[29.78386153,-95.62266463],[29.78386893,-95.62268183]],"78fa3e2c-8fb2-451d-adc4-7810a407acab":[[29.78376955,-95.62266317],[29.78376881,-95.62264045],[29.78375506,-95.6226351],[29.78376549,-95.62260814],[29.78376546,-95.62255004],[29.78368166,-95.62254709],[29.78363527,-95.62255551],[29.78361983,-95.62253945],[29.78353156,-95.6225455],[29.78353334,-95.62255294],[29.78346924,-95.62255576],[29.78347058,-95.62254134],[29.78339615,-95.62253338],[29.78336142,-95.62253608],[29.7833678,-95.62265992],[29.783378,-95.62266473],[29.78339585,-95.62266292],[29.78339712,-95.62265887],[29.78344776,-95.6226611],[29.78345459,-95.6226758],[29.78352181,-95.62268028],[29.78352859,-95.62265821],[29.78362009,-95.62265913],[29.78363199,-95.62268208],[29.78367978,-95.62267956],[29.78368836,-95.62266185]],"2533bb5f-f7ef-4769-8253-77b9dd87824f":[[29.78330882,-95.62205141],[29.78330708,-95.62206008],[29.78329506,-95.62236386],[29.78338153,-95.62238402],[29.78338652,-95.6223974],[29.78341506,-95.62240055],[29.7835114,-95.62238828],[29.7835227,-95.6223568],[29.78352343,-95.62234958],[29.78352559,-95.62234611],[29.78353254,-95.62219874],[29.78354326,-95.62219901],[29.7835454,-95.62209147],[29.78352137,-95.62208624],[29.78352042,-95.62206623],[29.78350995,-95.62205665]],"278b9f1e-c695-469a-8b61-4aae0171567a":[[29.78381946,-95.62239306],[29.78381917,-95.62234277],[29.78382903,-95.62233342],[29.7838245,-95.62220391],[29.78383356,-95.62220267],[29.7838489,-95.62209952],[29.78383351,-95.62209912],[29.78383047,-95.62207942],[29.78381186,-95.62206913],[29.7838029,-95.62206429],[29.78362367,-95.62205962],[29.78360459,-95.62207942],[29.78359922,-95.62226368],[29.78361761,-95.62228574],[29.78361667,-95.6223328],[29.783608,-95.62233846],[29.78361733,-95.62238578],[29.7836688,-95.62237928],[29.78367533,-95.62239514],[29.78369585,-95.62239568],[29.78369756,-95.62239572],[29.78377434,-95.62240753],[29.78377461,-95.62239381]],"87b52269-e170-4b09-b0ef-63d97aaffa82":[[29.7841427,-95.6223942],[29.78414127,-95.62236044],[29.78415098,-95.62234745],[29.78415456,-95.62221988],[29.78413989,-95.62221829],[29.78413953,-95.62218336],[29.7841469,-95.62218235],[29.7841579,-95.62207355],[29.78392899,-95.62206758],[29.78392402,-95.62207277],[29.7839226,-95.62208416],[29.78392363,-95.62216584],[29.78393451,-95.62219126],[29.78393602,-95.62222141],[29.78391819,-95.62221974],[29.78391065,-95.62233516],[29.783939,-95.6223359],[29.78393785,-95.62239368]],"1d9be373-0062-4ac1-9dbb-5b2c00bb58da":[[29.78587783,-95.62259785],[29.78586283,-95.6224052],[29.78567617,-95.6224121],[29.78567344,-95.62254936],[29.78574023,-95.62254718],[29.78575348,-95.62265542],[29.78587352,-95.62264286]],