{"0cf28e21-ddf4-45fd-b0d4-008bf7252437":[[29.49319498,-95.58573041],[29.4934214,-95.58571658],[29.49342368,-95.58559914],[29.49336356,-95.5856074],[29.49335736,-95.58566208],[29.49318946,-95.58566173]],"27ae3397-4407-41f9-91ab-a03c1b19fd0e":[[29.4938786,-95.585664],[29.49387918,-95.58557986],[29.49385804,-95.58558533],[29.4938551,-95.58557444],[29.49367311,-95.58557583],[29.493663,-95.58566333],[29.49373004,-95.58567706],[29.49381949,-95.58567452]],"013b20ab-0760-4f14-a93e-4824087bcf3c":[[29.49368264,-95.58586961],[29.49371289,-95.58587501],[29.49371521,-95.58583401],[29.49368803,-95.58582637]],"74a5431c-efcd-4cee-81a2-3f0e40d0e186":[[29.49373205,-95.58587838],[29.49376648,-95.58587695],[29.49376874,-95.58583884],[29.49375971,-95.58583514],[29.49373548,-95.58583221]],"7c8dc208-35df-43ba-9964-ae4068de6a89":[[29.49399013,-95.58594853],[29.49412845,-95.58594591],[29.49412744,-95.58579091],[29.49398363,-95.58579953],[29.49397827,-95.58586844],[29.49399836,-95.58587048]],"b25c5037-715e-4d6c-b264-93b7a1672da0":[[29.49450622,-95.58556495],[29.49450424,-95.58549707],[29.49448114,-95.58549837],[29.49448149,-95.58548048],[29.49445751,-95.58548458],[29.49445808,-95.58549778],[29.49436996,-95.5854946],[29.4943674,-95.58554164],[29.49438054,-95.58554386],[29.49439024,-95.58555352]],"beb580c9-009a-4794-b956-ecc46af0cd69":[[29.49495597,-95.58676299],[29.49496186,-95.58651427],[29.49490178,-95.58652116],[29.49489512,-95.58675543]],"e30ff2d7-6a19-4ce9-8517-1f3408aa0abd":[[29.4952271,-95.58662899],[29.49522922,-95.58656216],[29.49519876,-95.58656044],[29.49519012,-95.58662334]],"1085555a-7933-45d0-ab28-a4561d4ba1c9":[[29.49548088,-95.58652569],[29.49548275,-95.58647204],[29.49535515,-95.58646503],[29.49535331,-95.58651679]],"afbf421e-ab8e-4f4b-85fd-c8e4dba93c99":[[29.4954635,-95.58554722],[29.49547652,-95.58549468],[29.49546613,-95.58541216],[29.49528774,-95.5854233],[29.49528366,-95.58554461],[29.49539524,-95.58553374],[29.49539794,-95.58557102],[29.4954476,-95.58557228]],"ad3bc191-493b-4383-ba58-b077da3db494":[[29.49595271,-95.58610917],[29.49599864,-95.58603592],[29.49596565,-95.58599458],[29.49592397,-95.58597656],[29.49587962,-95.58605362]],"7c8655dc-590e-47e8-b454-b2b55f8c570f":[[29.49578491,-95.58575413],[29.49577463,-95.58568981],[29.49570692,-95.58573896],[29.49562572,-95.58576139],[29.49562876,-95.58581704],[29.49571717,-95.58580516]],"8ae74daf-2cea-4c07-a776-5c018ba677b1":[[29.49583029,-95.58581159],[29.49581663,-95.58575977],[29.49575796,-95.58578488],[29.49576865,-95.58583315]],"f12b20df-973c-42c2-861d-cac0e7d71fe7":[[29.49590931,-95.58575461],[29.49589375,-95.58572241],[29.49584572,-95.58574663],[29.49582857,-95.58574388],[29.49582757,-95.5857693],[29.49586342,-95.5857731]],"969ff4ce-972f-4a16-ae91-2eb2ee14a79e":[[29.49595934,-95.58563985],[29.49599034,-95.58560652],[29.49598014,-95.58558486],[29.49593023,-95.58552403],[29.49589507,-95.58556246]],"12e43174-cb95-4eaa-9bfe-7b7e528135f3":[[29.49608445,-95.58567995],[29.49613984,-95.58562084],[29.49608887,-95.58555237],[29.49602562,-95.58561719]],"2e969994-80cd-4001-ac5c-2713088e6249":[[29.49614755,-95.58642067],[29.49615575,-95.58633798],[29.4960281,-95.5863338],[29.49602457,-95.58634595],[29.49602072,-95.58641651]],"c308b133-1142-4bb5-8780-00a620fb3a7b":[[29.49610535,-95.58631368],[29.496128,-95.58626741],[29.49613027,-95.58625474],[29.49611532,-95.58624338],[29.49607168,-95.58622376],[29.49605266,-95.58623947],[29.49604463,-95.58628784]],"80b0b34e-dbe7-4c53-bb28-ae4780e56adb":[[29.49609058,-95.58618839],[29.49610337,-95.58618119],[29.49611355,-95.58615196],[29.49607565,-95.58612381],[29.49606904,-95.58612538],[29.49604811,-95.58616128],[29.49604939,-95.58617346]],"7a2008da-b021-4361-aa6a-1097da2b21d1":[[29.49611813,-95.58621458],[29.49611851,-95.58619493],[29.49611197,-95.58618236],[29.49610493,-95.58618388],[29.49609224,-95.58619142],[29.49607551,-95.58619082],[29.49607522,-95.58619816],[29.4960883,-95.58621693]],"57820031-1a6b-4af6-bee2-12a61434d4a0":[[29.49611522,-95.58582988],[29.49613286,-95.5858072],[29.49611612,-95.58578364],[29.49608336,-95.58580305]],"b9e1fa3d-ec5e-4fd0-a723-79c777fd9b05":[[29.49622498,-95.5858783],[29.49620279,-95.58585707],[29.49619298,-95.58586346],[29.4961606,-95.58590176],[29.49618016,-95.58592514]],"fbcb9540-1833-4013-a542-7235d821fbc2":[[29.49619711,-95.58572559],[29.49617153,-95.58569594],[29.49614794,-95.5857266],[29.49617313,-95.58575624]],"70cc665c-fae5-482d-9f20-0479998dccb2":[[29.49619348,-95.58632637],[29.49619653,-95.58629156],[29.49618584,-95.58629083],[29.49618682,-95.58628134],[29.49619703,-95.58626574],[29.49619718,-95.5862585],[29.49614096,-95.5862548],[29.4961353,-95.58628049],[29.49615615,-95.58628917],[29.49615391,-95.58632265]],"02572cd5-8eae-4686-83ab-eaf775f0991f":[[29.49633238,-95.58658162],[29.49633005,-95.58650258],[29.49633463,-95.58649901],[29.49633562,-95.58648132],[29.49633244,-95.58647902],[29.49633507,-95.58637723],[29.49623945,-95.58637997],[29.49624068,-95.5864826],[29.49618772,-95.58648346],[29.49618579,-95.58658232]],"af5bcd65-4a80-4e69-8095-ef276a3f2324":[[29.49648281,-95.58596864],[29.49647663,-95.58594824],[29.49648484,-95.58594209],[29.49646073,-95.58590735],[29.49644335,-95.58591616],[29.49639268,-95.58584259],[29.49630202,-95.58592529],[29.49633989,-95.5859812],[29.49637277,-95.58598145],[29.49640918,-95.58603443]],"97d4e0e1-4cfe-42fc-bc9a-a2f2fbfa4ae9":[[29.49650001,-95.58545019],[29.49650254,-95.58538887],[29.49650907,-95.58532919],[29.49650221,-95.58526764],[29.49635209,-95.58525616],[29.49634586,-95.5854386]],"cee64255-14bd-477a-9edb-e16498ddc75c":[[29.49646098,-95.58554017],[29.49647202,-95.58553676],[29.49647672,-95.58552729],[29.49647697,-95.58551475],[29.49647523,-95.58550437],[29.49646818,-95.58550197],[29.49645656,-95.58550168],[29.49644688,-95.58550143],[29.49643829,-95.58551155],[29.49643545,-95.58552476],[29.49644748,-95.58553688]],"9f17d453-9dec-445f-b301-4885e65d972e":[[29.49709404,-95.58689183],[29.49710186,-95.58686861],[29.49705303,-95.58683731],[29.49697117,-95.58682801],[29.49695843,-95.58688838]],"108f3d84-8159-41ed-9f73-fd7633396d05":[[29.49685913,-95.58677366],[29.49686709,-95.58675478],[29.49686715,-95.58672587],[29.49683234,-95.58672035],[29.49682311,-95.58675308],[29.49683602,-95.58676556]],"d0bec5eb-7476-4627-89ef-883764acade5":[[29.4972864,-95.58626456],[29.49729108,-95.58623092],[29.49730197,-95.58622352],[29.49730143,-95.58618208],[29.49729195,-95.58618644],[29.4972961,-95.58611136],[29.49724392,-95.58610236],[29.49723414,-95.58612206],[29.49722272,-95.58615706],[29.49722483,-95.58618627],[29.49721896,-95.5862122],[29.49722099,-95.58624601]],"b9bb5bed-b54f-4425-be48-ce0f801d3a41":[[29.49714219,-95.58608808],[29.49715526,-95.58600928],[29.49710291,-95.58598911],[29.49709264,-95.58600863],[29.49706564,-95.58599853],[29.49705063,-95.58604995],[29.49706297,-95.58605121],[29.49706379,-95.58605123]],"ab6accf7-3ddb-4e4f-aaf5-7412c273556d":[[29.49690547,-95.58596999],[29.4969313,-95.58593669],[29.49696616,-95.58597005],[29.49698738,-95.58594181],[29.49695512,-95.58590704],[29.49698481,-95.58587458],[29.49694058,-95.58582474],[29.49691086,-95.58585867],[29.49688701,-95.58582338],[29.49685981,-95.58586107],[29.49687489,-95.58588212],[29.49685097,-95.58591694]],"44a05bfe-79c3-43dd-8e67-ded62bfdb03a":[[29.49710039,-95.58569267],[29.49714049,-95.58570136],[29.49715078,-95.58565559],[29.49710575,-95.58562375],[29.49712278,-95.58557662],[29.49708691,-95.58555729],[29.49707254,-95.58560603],[29.49705262,-95.58559478],[29.49702406,-95.58568305],[29.49708244,-95.5857183]],"992cb873-f0d3-46d5-abd5-a8151d7be684":[[29.49727117,-95.58574611],[29.49727323,-95.58564029],[29.49717522,-95.58564086],[29.49717078,-95.58573128]],"446feb39-171d-4640-86c3-41a276e6540d":[[29.49727638,-95.58563445],[29.49727806,-95.58544645],[29.49718378,-95.58544269],[29.49717766,-95.58563511]],