{"bdf15446-98d1-4619-a99f-17d0a0dc91c2":[[29.96852237,-95.62597186],[29.96845117,-95.62586614],[29.96843239,-95.62586845],[29.96831629,-95.62601228],[29.96839037,-95.62609655],[29.96841912,-95.62608421]],"1639fe2c-6290-4bac-83a3-b541559b63ae":[[29.9686896,-95.62569709],[29.96863357,-95.62564343],[29.96859657,-95.6256823],[29.96859231,-95.62569558],[29.96864611,-95.62575306],[29.96867747,-95.62573555]],"889ed3c8-ac01-41d6-8141-958fb046dcf9":[[29.96892347,-95.62572982],[29.96893178,-95.62569705],[29.96886425,-95.6256271],[29.96884778,-95.62562081],[29.96879355,-95.62568388],[29.96876683,-95.62567952],[29.96869461,-95.62574872],[29.96869484,-95.62576925],[29.9687036,-95.62577827],[29.96867184,-95.62580236],[29.96866843,-95.62581327],[29.96874486,-95.62591717],[29.96875815,-95.62592265],[29.96882145,-95.62585321],[29.96881914,-95.62584069]],"9b6b24a9-5bd1-4ccf-9f36-95be5bc79a9a":[[29.96894885,-95.62549581],[29.96893659,-95.62545873],[29.96890926,-95.6254247],[29.96889592,-95.62541689],[29.96880828,-95.62549843],[29.96880903,-95.62551109],[29.96886478,-95.62557401],[29.96887578,-95.6255743]],"cc4ff209-8bc6-413d-87e3-7d2389af6156":[[29.96908165,-95.6253405],[29.96908551,-95.62530359],[29.96894538,-95.62513632],[29.96893286,-95.62513838],[29.96881782,-95.62527744],[29.96895679,-95.62545064],[29.96898073,-95.62544889]],"b5359bb4-514e-4643-baf0-4fc0efc45bea":[[29.96949508,-95.62526001],[29.9694991,-95.62524956],[29.96944894,-95.62518219],[29.96944194,-95.62518201],[29.96939493,-95.62523246],[29.96937816,-95.62524581],[29.96934872,-95.62521746],[29.96934326,-95.6252156],[29.9692633,-95.62531343],[29.96926288,-95.62533409],[29.96938443,-95.62548435],[29.96939926,-95.62548699],[29.96947487,-95.62538953],[29.96948255,-95.62537758],[29.9694531,-95.6253219],[29.96945251,-95.62531244]],"5c0e1555-7e8e-431a-bf5d-178d2bd617a2":[[29.96967756,-95.62613244],[29.96961409,-95.626034],[29.96957738,-95.62604788],[29.96956583,-95.62605703],[29.96955841,-95.62605593],[29.96952698,-95.62606006],[29.96949312,-95.62612759]],"4ce8f38d-f708-4813-9a02-bfd1447272bf":[[29.96986182,-95.62613729],[29.96989985,-95.62608643],[29.96984175,-95.62602332],[29.96992598,-95.62592805],[29.96992619,-95.62591779],[29.96985663,-95.62585365],[29.96978087,-95.62593318],[29.96975075,-95.62591474],[29.96970629,-95.62599293],[29.9698018,-95.62613248]],"07f7e957-3ab5-4925-a6f7-d09822343bf1":[[29.97026746,-95.62587949],[29.97020759,-95.62580975],[29.97018781,-95.62580923],[29.97008653,-95.62592751],[29.97016466,-95.6260102],[29.97018587,-95.62600269]],"565705f2-69a3-492b-804d-69ed9b2ec132":[[29.97026217,-95.62557005],[29.97026725,-95.62557165],[29.97028425,-95.62558309],[29.97032652,-95.62554389],[29.97032991,-95.62553371],[29.97023912,-95.62541404],[29.97022578,-95.62541076],[29.97002624,-95.62562395],[29.97003042,-95.62563798],[29.97012897,-95.62575273],[29.97018291,-95.6257043],[29.97019302,-95.62567745],[29.97018386,-95.62565668]],"0f3d632a-4fe0-49b4-bd24-c7054343808b":[[29.97069448,-95.6261592],[29.97068499,-95.62610368],[29.97062237,-95.62603426],[29.97055453,-95.62610082],[29.9705889,-95.62614876],[29.97056078,-95.62615568]]}