{"7438a49a-6fbe-49ae-90f5-7c3dbbb199e9":[[29.72862093,-95.67560079],[29.72866523,-95.6756048],[29.72866576,-95.67555964],[29.72862093,-95.67555365]],"acf099c8-7f95-4307-a887-a904782c32e1":[[29.72930137,-95.6739564],[29.72930411,-95.67400903],[29.72941511,-95.6740201],[29.7294165,-95.67395945]],"66bba38e-0fef-4504-8ebb-b80487c2f993":[[29.72887806,-95.67546715],[29.72879395,-95.67546492],[29.72880179,-95.67563224],[29.72888563,-95.67564732]]}