{"98052a0e-5eb7-41ea-bef8-61f116c71f5f":[[29.52778398,-95.64990245],[29.5278289,-95.64981222],[29.52774595,-95.64975233],[29.52769248,-95.64984955]],"aa8e8d13-5366-4e7c-ac1a-a46e96d53eff":[[29.52787522,-95.64919974],[29.52788369,-95.64917847],[29.52785451,-95.64916083],[29.52784744,-95.64917906]]}